// Theme background textures from secondscreen/*.png, baked to ARGB
// arrays by gen_secondscreen.py so no image loader is needed at runtime.
// (tex_wood.png is unused by the UI and not embedded.)
#pragma once

#define kSSTexMenu_W 48
#define kSSTexMenu_H 48
static const unsigned int kSSTexMenu[2304] = {
0xffd0f0d0,0xffd0f0d0,0xffd0f0d0,0xffd0f0d0,0xffd0f0d0,0xffd0f0d0,0xffd0f0d0,0xffd0f0d0,0xffd0f0d0,0xffd0f0d0,0xffd0f0d0,0xffd0f0d0,
0xffd0f0d0,0xffd0f0d0,0xffd0f0d0,0xffd0f0d0,0xffd0f0d0,0xffd0f0d0,0xffd0f0d0,0xffd0f0d0,0xffd0f0d0,0xffd0f0d0,0xffd0f0d0,0xffd0f0d0,
0xffd0f0d0,0xffd0f0d0,0xffd0f0d0,0xffd0f0d0,0xffd0f0d0,0xffd0f0d0,0xffd0f0d0,0xffd0f0d0,0xffd0f0d0,0xffd0f0d0,0xffd0f0d0,0xffd0f0d0,
0xffd0f0d0,0xffd0f0d0,0xffd0f0d0,0xffd0f0d0,0xffd0f0d0,0xffd0f0d0,0xffd0f0d0,0xffd0f0d0,0xffd0f0d0,0xffd0f0d0,0xffd0f0d0,0xffd0f0d0,
0xffd0f0d0,0xffb1e9b8,0xffb1e9b8,0xffb1e9b8,0xffb1e9b8,0xffd0f0d0,0xffd0f0d0,0xffd0f0d0,0xffd0f0d0,0xffd0f0d0,0xffd0f0d0,0xffd0f0d0,
0xffd0f0d0,0xffb1e9b8,0xffb1e9b8,0xffb1e9b8,0xffb1e9b8,0xffd0f0d0,0xffd0f0d0,0xffd0f0d0,0xffd0f0d0,0xffd0f0d0,0xffd0f0d0,0xffd0f0d0,
0xffd0f0d0,0xffb1e9b8,0xffb1e9b8,0xffb1e9b8,0xffb1e9b8,0xffd0f0d0,0xffd0f0d0,0xffd0f0d0,0xffd0f0d0,0xffd0f0d0,0xffd0f0d0,0xffd0f0d0,
0xffd0f0d0,0xffb1e9b8,0xffb1e9b8,0xffb1e9b8,0xffb1e9b8,0xffd0f0d0,0xffd0f0d0,0xffd0f0d0,0xffd0f0d0,0xffd0f0d0,0xffd0f0d0,0xffd0f0d0,
0xffd0f0d0,0xffb1e9b8,0xffb1e9b8,0xffb1e9b8,0xffb1e9b8,0xffd0f0d0,0xffd0f0d0,0xffd0f0d0,0xffd0f0d0,0xffd0f0d0,0xffd0f0d0,0xffd0f0d0,
0xffd0f0d0,0xffb1e9b8,0xffb1e9b8,0xffb1e9b8,0xffb1e9b8,0xffd0f0d0,0xffd0f0d0,0xffd0f0d0,0xffd0f0d0,0xffd0f0d0,0xffd0f0d0,0xffd0f0d0,
0xffd0f0d0,0xffb1e9b8,0xffb1e9b8,0xffb1e9b8,0xffb1e9b8,0xffd0f0d0,0xffd0f0d0,0xffd0f0d0,0xffd0f0d0,0xffd0f0d0,0xffd0f0d0,0xffd0f0d0,
0xffd0f0d0,0xffb1e9b8,0xffb1e9b8,0xffb1e9b8,0xffb1e9b8,0xffd0f0d0,0xffd0f0d0,0xffd0f0d0,0xffd0f0d0,0xffd0f0d0,0xffd0f0d0,0xffd0f0d0,
0xffd0f0d0,0xffb1e9b8,0xffb1e9b8,0xffb1e9b8,0xffb1e9b8,0xffd0f0d0,0xffd0f0d0,0xffd0f0d0,0xffd0f0d0,0xffd0f0d0,0xffd0f0d0,0xffd0f0d0,
0xffd0f0d0,0xffb1e9b8,0xffb1e9b8,0xffb1e9b8,0xffb1e9b8,0xffd0f0d0,0xffd0f0d0,0xffd0f0d0,0xffd0f0d0,0xffd0f0d0,0xffd0f0d0,0xffd0f0d0,
0xffd0f0d0,0xffb1e9b8,0xffb1e9b8,0xffb1e9b8,0xffb1e9b8,0xffd0f0d0,0xffd0f0d0,0xffd0f0d0,0xffd0f0d0,0xffd0f0d0,0xffd0f0d0,0xffd0f0d0,
0xffd0f0d0,0xffb1e9b8,0xffb1e9b8,0xffb1e9b8,0xffb1e9b8,0xffd0f0d0,0xffd0f0d0,0xffd0f0d0,0xffd0f0d0,0xffd0f0d0,0xffd0f0d0,0xffd0f0d0,
0xffd0f0d0,0xffb1e9b8,0xffb1e9b8,0xffb1e9b8,0xffb1e9b8,0xffd0f0d0,0xffd0f0d0,0xffd0f0d0,0xffd0f0d0,0xffd0f0d0,0xffd0f0d0,0xffd0f0d0,
0xffd0f0d0,0xffb1e9b8,0xffb1e9b8,0xffb1e9b8,0xffb1e9b8,0xffd0f0d0,0xffd0f0d0,0xffd0f0d0,0xffd0f0d0,0xffd0f0d0,0xffd0f0d0,0xffd0f0d0,
0xffd0f0d0,0xffb1e9b8,0xffb1e9b8,0xffb1e9b8,0xffb1e9b8,0xffd0f0d0,0xffd0f0d0,0xffd0f0d0,0xffd0f0d0,0xffd0f0d0,0xffd0f0d0,0xffd0f0d0,
0xffd0f0d0,0xffb1e9b8,0xffb1e9b8,0xffb1e9b8,0xffb1e9b8,0xffd0f0d0,0xffd0f0d0,0xffd0f0d0,0xffd0f0d0,0xffd0f0d0,0xffd0f0d0,0xffd0f0d0,
0xffd0f0d0,0xffd0f0d0,0xffd0f0d0,0xffd0f0d0,0xffd0f0d0,0xffd0f0d0,0xffd0f0d0,0xffd0f0d0,0xffd0f0d0,0xffd0f0d0,0xffd0f0d0,0xffd0f0d0,
0xffd0f0d0,0xffd0f0d0,0xffd0f0d0,0xffd0f0d0,0xffd0f0d0,0xffd0f0d0,0xffd0f0d0,0xffd0f0d0,0xffd0f0d0,0xffd0f0d0,0xffd0f0d0,0xffd0f0d0,
0xffd0f0d0,0xffd0f0d0,0xffd0f0d0,0xffd0f0d0,0xffd0f0d0,0xffd0f0d0,0xffd0f0d0,0xffd0f0d0,0xffd0f0d0,0xffd0f0d0,0xffd0f0d0,0xffd0f0d0,
0xffd0f0d0,0xffd0f0d0,0xffd0f0d0,0xffd0f0d0,0xffd0f0d0,0xffd0f0d0,0xffd0f0d0,0xffd0f0d0,0xffd0f0d0,0xffd0f0d0,0xffd0f0d0,0xffd0f0d0,
0xffd0f0d0,0xffd0f0d0,0xffd0f0d0,0xffd0f0d0,0xffd0f0d0,0xffd0f0d0,0xffd0f0d0,0xffd0f0d0,0xffd0f0d0,0xffd0f0d0,0xffd0f0d0,0xffd0f0d0,
0xffd0f0d0,0xffd0f0d0,0xffd0f0d0,0xffd0f0d0,0xffd0f0d0,0xffd0f0d0,0xffd0f0d0,0xffd0f0d0,0xffd0f0d0,0xffd0f0d0,0xffd0f0d0,0xffd0f0d0,
0xffd0f0d0,0xffd0f0d0,0xffd0f0d0,0xffd0f0d0,0xffd0f0d0,0xffd0f0d0,0xffd0f0d0,0xffd0f0d0,0xffd0f0d0,0xffd0f0d0,0xffd0f0d0,0xffd0f0d0,
0xffd0f0d0,0xffd0f0d0,0xffd0f0d0,0xffd0f0d0,0xffd0f0d0,0xffd0f0d0,0xffd0f0d0,0xffd0f0d0,0xffd0f0d0,0xffd0f0d0,0xffd0f0d0,0xffd0f0d0,
0xffd0f0d0,0xffd0f0d0,0xffd0f0d0,0xffd0f0d0,0xffd0f0d0,0xffd0f0d0,0xffd0f0d0,0xffb1e9b8,0xffb1e9b8,0xffb1e9b8,0xffb1e9b8,0xffd0f0d0,
0xffd0f0d0,0xffd0f0d0,0xffd0f0d0,0xffd0f0d0,0xffd0f0d0,0xffd0f0d0,0xffd0f0d0,0xffb1e9b8,0xffb1e9b8,0xffb1e9b8,0xffb1e9b8,0xffd0f0d0,
0xffd0f0d0,0xffd0f0d0,0xffd0f0d0,0xffd0f0d0,0xffd0f0d0,0xffd0f0d0,0xffd0f0d0,0xffb1e9b8,0xffb1e9b8,0xffb1e9b8,0xffb1e9b8,0xffd0f0d0,
0xffd0f0d0,0xffd0f0d0,0xffd0f0d0,0xffd0f0d0,0xffd0f0d0,0xffd0f0d0,0xffd0f0d0,0xffb1e9b8,0xffb1e9b8,0xffb1e9b8,0xffb1e9b8,0xffd0f0d0,
0xffd0f0d0,0xffd0f0d0,0xffd0f0d0,0xffd0f0d0,0xffd0f0d0,0xffd0f0d0,0xffd0f0d0,0xffb1e9b8,0xffb1e9b8,0xffb1e9b8,0xffb1e9b8,0xffd0f0d0,
0xffd0f0d0,0xffd0f0d0,0xffd0f0d0,0xffd0f0d0,0xffd0f0d0,0xffd0f0d0,0xffd0f0d0,0xffb1e9b8,0xffb1e9b8,0xffb1e9b8,0xffb1e9b8,0xffd0f0d0,
0xffd0f0d0,0xffd0f0d0,0xffd0f0d0,0xffd0f0d0,0xffd0f0d0,0xffd0f0d0,0xffd0f0d0,0xffb1e9b8,0xffb1e9b8,0xffb1e9b8,0xffb1e9b8,0xffd0f0d0,
0xffd0f0d0,0xffd0f0d0,0xffd0f0d0,0xffd0f0d0,0xffd0f0d0,0xffd0f0d0,0xffd0f0d0,0xffb1e9b8,0xffb1e9b8,0xffb1e9b8,0xffb1e9b8,0xffd0f0d0,
0xffd0f0d0,0xffd0f0d0,0xffd0f0d0,0xffd0f0d0,0xffd0f0d0,0xffd0f0d0,0xffd0f0d0,0xffb1e9b8,0xffb1e9b8,0xffb1e9b8,0xffb1e9b8,0xffd0f0d0,
0xffd0f0d0,0xffd0f0d0,0xffd0f0d0,0xffd0f0d0,0xffd0f0d0,0xffd0f0d0,0xffd0f0d0,0xffb1e9b8,0xffb1e9b8,0xffb1e9b8,0xffb1e9b8,0xffd0f0d0,
0xffd0f0d0,0xffd0f0d0,0xffd0f0d0,0xffd0f0d0,0xffd0f0d0,0xffd0f0d0,0xffd0f0d0,0xffb1e9b8,0xffb1e9b8,0xffb1e9b8,0xffb1e9b8,0xffd0f0d0,
0xffd0f0d0,0xffd0f0d0,0xffd0f0d0,0xffd0f0d0,0xffd0f0d0,0xffd0f0d0,0xffd0f0d0,0xffb1e9b8,0xffb1e9b8,0xffb1e9b8,0xffb1e9b8,0xffd0f0d0,
0xffd0f0d0,0xffd0f0d0,0xffd0f0d0,0xffd0f0d0,0xffd0f0d0,0xffd0f0d0,0xffd0f0d0,0xffb1e9b8,0xffb1e9b8,0xffb1e9b8,0xffb1e9b8,0xffd0f0d0,
0xffd0f0d0,0xffd0f0d0,0xffd0f0d0,0xffd0f0d0,0xffd0f0d0,0xffd0f0d0,0xffd0f0d0,0xffb1e9b8,0xffb1e9b8,0xffb1e9b8,0xffb1e9b8,0xffd0f0d0,
0xffd0f0d0,0xffd0f0d0,0xffd0f0d0,0xffd0f0d0,0xffd0f0d0,0xffd0f0d0,0xffd0f0d0,0xffb1e9b8,0xffb1e9b8,0xffb1e9b8,0xffb1e9b8,0xffd0f0d0,
0xffd0f0d0,0xffd0f0d0,0xffd0f0d0,0xffd0f0d0,0xffd0f0d0,0xffd0f0d0,0xffd0f0d0,0xffb1e9b8,0xffb1e9b8,0xffb1e9b8,0xffb1e9b8,0xffd0f0d0,
0xffd0f0d0,0xffd0f0d0,0xffd0f0d0,0xffd0f0d0,0xffd0f0d0,0xffd0f0d0,0xffd0f0d0,0xffd0f0d0,0xffd0f0d0,0xffd0f0d0,0xffd0f0d0,0xffd0f0d0,
0xffd0f0d0,0xffd0f0d0,0xffd0f0d0,0xffd0f0d0,0xffd0f0d0,0xffd0f0d0,0xffd0f0d0,0xffd0f0d0,0xffd0f0d0,0xffd0f0d0,0xffd0f0d0,0xffd0f0d0,
0xffd0f0d0,0xffd0f0d0,0xffd0f0d0,0xffd0f0d0,0xffd0f0d0,0xffd0f0d0,0xffd0f0d0,0xffd0f0d0,0xffd0f0d0,0xffd0f0d0,0xffd0f0d0,0xffd0f0d0,
0xffd0f0d0,0xffd0f0d0,0xffd0f0d0,0xffd0f0d0,0xffd0f0d0,0xffd0f0d0,0xffd0f0d0,0xffd0f0d0,0xffd0f0d0,0xffd0f0d0,0xffd0f0d0,0xffd0f0d0,
0xffd0f0d0,0xffd0f0d0,0xffd0f0d0,0xffd0f0d0,0xffd0f0d0,0xffd0f0d0,0xffd0f0d0,0xffd0f0d0,0xffd0f0d0,0xffd0f0d0,0xffd0f0d0,0xffd0f0d0,
0xffd0f0d0,0xffd0f0d0,0xffd0f0d0,0xffd0f0d0,0xffd0f0d0,0xffd0f0d0,0xffd0f0d0,0xffd0f0d0,0xffd0f0d0,0xffd0f0d0,0xffd0f0d0,0xffd0f0d0,
0xffd0f0d0,0xffd0f0d0,0xffd0f0d0,0xffd0f0d0,0xffd0f0d0,0xffd0f0d0,0xffd0f0d0,0xffd0f0d0,0xffd0f0d0,0xffd0f0d0,0xffd0f0d0,0xffd0f0d0,
0xffd0f0d0,0xffd0f0d0,0xffd0f0d0,0xffd0f0d0,0xffd0f0d0,0xffd0f0d0,0xffd0f0d0,0xffd0f0d0,0xffd0f0d0,0xffd0f0d0,0xffd0f0d0,0xffd0f0d0,
0xffd0f0d0,0xffb1e9b8,0xffb1e9b8,0xffb1e9b8,0xffb1e9b8,0xffd0f0d0,0xffd0f0d0,0xffd0f0d0,0xffd0f0d0,0xffd0f0d0,0xffd0f0d0,0xffd0f0d0,
0xffd0f0d0,0xffb1e9b8,0xffb1e9b8,0xffb1e9b8,0xffb1e9b8,0xffd0f0d0,0xffd0f0d0,0xffd0f0d0,0xffd0f0d0,0xffd0f0d0,0xffd0f0d0,0xffd0f0d0,
0xffd0f0d0,0xffb1e9b8,0xffb1e9b8,0xffb1e9b8,0xffb1e9b8,0xffd0f0d0,0xffd0f0d0,0xffd0f0d0,0xffd0f0d0,0xffd0f0d0,0xffd0f0d0,0xffd0f0d0,
0xffd0f0d0,0xffb1e9b8,0xffb1e9b8,0xffb1e9b8,0xffb1e9b8,0xffd0f0d0,0xffd0f0d0,0xffd0f0d0,0xffd0f0d0,0xffd0f0d0,0xffd0f0d0,0xffd0f0d0,
0xffd0f0d0,0xffb1e9b8,0xffb1e9b8,0xffb1e9b8,0xffb1e9b8,0xffd0f0d0,0xffd0f0d0,0xffd0f0d0,0xffd0f0d0,0xffd0f0d0,0xffd0f0d0,0xffd0f0d0,
0xffd0f0d0,0xffb1e9b8,0xffb1e9b8,0xffb1e9b8,0xffb1e9b8,0xffd0f0d0,0xffd0f0d0,0xffd0f0d0,0xffd0f0d0,0xffd0f0d0,0xffd0f0d0,0xffd0f0d0,
0xffd0f0d0,0xffb1e9b8,0xffb1e9b8,0xffb1e9b8,0xffb1e9b8,0xffd0f0d0,0xffd0f0d0,0xffd0f0d0,0xffd0f0d0,0xffd0f0d0,0xffd0f0d0,0xffd0f0d0,
0xffd0f0d0,0xffb1e9b8,0xffb1e9b8,0xffb1e9b8,0xffb1e9b8,0xffd0f0d0,0xffd0f0d0,0xffd0f0d0,0xffd0f0d0,0xffd0f0d0,0xffd0f0d0,0xffd0f0d0,
0xffd0f0d0,0xffb1e9b8,0xffb1e9b8,0xffb1e9b8,0xffb1e9b8,0xffd0f0d0,0xffd0f0d0,0xffd0f0d0,0xffd0f0d0,0xffd0f0d0,0xffd0f0d0,0xffd0f0d0,
0xffd0f0d0,0xffb1e9b8,0xffb1e9b8,0xffb1e9b8,0xffb1e9b8,0xffd0f0d0,0xffd0f0d0,0xffd0f0d0,0xffd0f0d0,0xffd0f0d0,0xffd0f0d0,0xffd0f0d0,
0xffd0f0d0,0xffb1e9b8,0xffb1e9b8,0xffb1e9b8,0xffb1e9b8,0xffd0f0d0,0xffd0f0d0,0xffd0f0d0,0xffd0f0d0,0xffd0f0d0,0xffd0f0d0,0xffd0f0d0,
0xffd0f0d0,0xffb1e9b8,0xffb1e9b8,0xffb1e9b8,0xffb1e9b8,0xffd0f0d0,0xffd0f0d0,0xffd0f0d0,0xffd0f0d0,0xffd0f0d0,0xffd0f0d0,0xffd0f0d0,
0xffd0f0d0,0xffb1e9b8,0xffb1e9b8,0xffb1e9b8,0xffb1e9b8,0xffd0f0d0,0xffd0f0d0,0xffd0f0d0,0xffd0f0d0,0xffd0f0d0,0xffd0f0d0,0xffd0f0d0,
0xffd0f0d0,0xffb1e9b8,0xffb1e9b8,0xffb1e9b8,0xffb1e9b8,0xffd0f0d0,0xffd0f0d0,0xffd0f0d0,0xffd0f0d0,0xffd0f0d0,0xffd0f0d0,0xffd0f0d0,
0xffd0f0d0,0xffb1e9b8,0xffb1e9b8,0xffb1e9b8,0xffb1e9b8,0xffd0f0d0,0xffd0f0d0,0xffd0f0d0,0xffd0f0d0,0xffd0f0d0,0xffd0f0d0,0xffd0f0d0,
0xffd0f0d0,0xffb1e9b8,0xffb1e9b8,0xffb1e9b8,0xffb1e9b8,0xffd0f0d0,0xffd0f0d0,0xffd0f0d0,0xffd0f0d0,0xffd0f0d0,0xffd0f0d0,0xffd0f0d0,
0xffd0f0d0,0xffd0f0d0,0xffd0f0d0,0xffd0f0d0,0xffd0f0d0,0xffd0f0d0,0xffd0f0d0,0xffd0f0d0,0xffd0f0d0,0xffd0f0d0,0xffd0f0d0,0xffd0f0d0,
0xffd0f0d0,0xffd0f0d0,0xffd0f0d0,0xffd0f0d0,0xffd0f0d0,0xffd0f0d0,0xffd0f0d0,0xffd0f0d0,0xffd0f0d0,0xffd0f0d0,0xffd0f0d0,0xffd0f0d0,
0xffd0f0d0,0xffd0f0d0,0xffd0f0d0,0xffd0f0d0,0xffd0f0d0,0xffd0f0d0,0xffd0f0d0,0xffd0f0d0,0xffd0f0d0,0xffd0f0d0,0xffd0f0d0,0xffd0f0d0,
0xffd0f0d0,0xffd0f0d0,0xffd0f0d0,0xffd0f0d0,0xffd0f0d0,0xffd0f0d0,0xffd0f0d0,0xffd0f0d0,0xffd0f0d0,0xffd0f0d0,0xffd0f0d0,0xffd0f0d0,
0xffd0f0d0,0xffd0f0d0,0xffd0f0d0,0xffd0f0d0,0xffd0f0d0,0xffd0f0d0,0xffd0f0d0,0xffd0f0d0,0xffd0f0d0,0xffd0f0d0,0xffd0f0d0,0xffd0f0d0,
0xffd0f0d0,0xffd0f0d0,0xffd0f0d0,0xffd0f0d0,0xffd0f0d0,0xffd0f0d0,0xffd0f0d0,0xffd0f0d0,0xffd0f0d0,0xffd0f0d0,0xffd0f0d0,0xffd0f0d0,
0xffd0f0d0,0xffd0f0d0,0xffd0f0d0,0xffd0f0d0,0xffd0f0d0,0xffd0f0d0,0xffd0f0d0,0xffd0f0d0,0xffd0f0d0,0xffd0f0d0,0xffd0f0d0,0xffd0f0d0,
0xffd0f0d0,0xffd0f0d0,0xffd0f0d0,0xffd0f0d0,0xffd0f0d0,0xffd0f0d0,0xffd0f0d0,0xffd0f0d0,0xffd0f0d0,0xffd0f0d0,0xffd0f0d0,0xffd0f0d0,
0xffd0f0d0,0xffd0f0d0,0xffd0f0d0,0xffd0f0d0,0xffd0f0d0,0xffd0f0d0,0xffd0f0d0,0xffb1e9b8,0xffb1e9b8,0xffb1e9b8,0xffb1e9b8,0xffd0f0d0,
0xffd0f0d0,0xffd0f0d0,0xffd0f0d0,0xffd0f0d0,0xffd0f0d0,0xffd0f0d0,0xffd0f0d0,0xffb1e9b8,0xffb1e9b8,0xffb1e9b8,0xffb1e9b8,0xffd0f0d0,
0xffd0f0d0,0xffd0f0d0,0xffd0f0d0,0xffd0f0d0,0xffd0f0d0,0xffd0f0d0,0xffd0f0d0,0xffb1e9b8,0xffb1e9b8,0xffb1e9b8,0xffb1e9b8,0xffd0f0d0,
0xffd0f0d0,0xffd0f0d0,0xffd0f0d0,0xffd0f0d0,0xffd0f0d0,0xffd0f0d0,0xffd0f0d0,0xffb1e9b8,0xffb1e9b8,0xffb1e9b8,0xffb1e9b8,0xffd0f0d0,
0xffd0f0d0,0xffd0f0d0,0xffd0f0d0,0xffd0f0d0,0xffd0f0d0,0xffd0f0d0,0xffd0f0d0,0xffb1e9b8,0xffb1e9b8,0xffb1e9b8,0xffb1e9b8,0xffd0f0d0,
0xffd0f0d0,0xffd0f0d0,0xffd0f0d0,0xffd0f0d0,0xffd0f0d0,0xffd0f0d0,0xffd0f0d0,0xffb1e9b8,0xffb1e9b8,0xffb1e9b8,0xffb1e9b8,0xffd0f0d0,
0xffd0f0d0,0xffd0f0d0,0xffd0f0d0,0xffd0f0d0,0xffd0f0d0,0xffd0f0d0,0xffd0f0d0,0xffb1e9b8,0xffb1e9b8,0xffb1e9b8,0xffb1e9b8,0xffd0f0d0,
0xffd0f0d0,0xffd0f0d0,0xffd0f0d0,0xffd0f0d0,0xffd0f0d0,0xffd0f0d0,0xffd0f0d0,0xffb1e9b8,0xffb1e9b8,0xffb1e9b8,0xffb1e9b8,0xffd0f0d0,
0xffd0f0d0,0xffd0f0d0,0xffd0f0d0,0xffd0f0d0,0xffd0f0d0,0xffd0f0d0,0xffd0f0d0,0xffb1e9b8,0xffb1e9b8,0xffb1e9b8,0xffb1e9b8,0xffd0f0d0,
0xffd0f0d0,0xffd0f0d0,0xffd0f0d0,0xffd0f0d0,0xffd0f0d0,0xffd0f0d0,0xffd0f0d0,0xffb1e9b8,0xffb1e9b8,0xffb1e9b8,0xffb1e9b8,0xffd0f0d0,
0xffd0f0d0,0xffd0f0d0,0xffd0f0d0,0xffd0f0d0,0xffd0f0d0,0xffd0f0d0,0xffd0f0d0,0xffb1e9b8,0xffb1e9b8,0xffb1e9b8,0xffb1e9b8,0xffd0f0d0,
0xffd0f0d0,0xffd0f0d0,0xffd0f0d0,0xffd0f0d0,0xffd0f0d0,0xffd0f0d0,0xffd0f0d0,0xffb1e9b8,0xffb1e9b8,0xffb1e9b8,0xffb1e9b8,0xffd0f0d0,
0xffd0f0d0,0xffd0f0d0,0xffd0f0d0,0xffd0f0d0,0xffd0f0d0,0xffd0f0d0,0xffd0f0d0,0xffb1e9b8,0xffb1e9b8,0xffb1e9b8,0xffb1e9b8,0xffd0f0d0,
0xffd0f0d0,0xffd0f0d0,0xffd0f0d0,0xffd0f0d0,0xffd0f0d0,0xffd0f0d0,0xffd0f0d0,0xffb1e9b8,0xffb1e9b8,0xffb1e9b8,0xffb1e9b8,0xffd0f0d0,
0xffd0f0d0,0xffd0f0d0,0xffd0f0d0,0xffd0f0d0,0xffd0f0d0,0xffd0f0d0,0xffd0f0d0,0xffb1e9b8,0xffb1e9b8,0xffb1e9b8,0xffb1e9b8,0xffd0f0d0,
0xffd0f0d0,0xffd0f0d0,0xffd0f0d0,0xffd0f0d0,0xffd0f0d0,0xffd0f0d0,0xffd0f0d0,0xffb1e9b8,0xffb1e9b8,0xffb1e9b8,0xffb1e9b8,0xffd0f0d0,
0xffd0f0d0,0xffd0f0d0,0xffd0f0d0,0xffd0f0d0,0xffd0f0d0,0xffd0f0d0,0xffd0f0d0,0xffd0f0d0,0xffd0f0d0,0xffd0f0d0,0xffd0f0d0,0xffd0f0d0,
0xffd0f0d0,0xffd0f0d0,0xffd0f0d0,0xffd0f0d0,0xffd0f0d0,0xffd0f0d0,0xffd0f0d0,0xffd0f0d0,0xffd0f0d0,0xffd0f0d0,0xffd0f0d0,0xffd0f0d0,
0xffd0f0d0,0xffd0f0d0,0xffd0f0d0,0xffd0f0d0,0xffd0f0d0,0xffd0f0d0,0xffd0f0d0,0xffd0f0d0,0xffd0f0d0,0xffd0f0d0,0xffd0f0d0,0xffd0f0d0,
0xffd0f0d0,0xffd0f0d0,0xffd0f0d0,0xffd0f0d0,0xffd0f0d0,0xffd0f0d0,0xffd0f0d0,0xffd0f0d0,0xffd0f0d0,0xffd0f0d0,0xffd0f0d0,0xffd0f0d0,
0xffd0f0d0,0xffd0f0d0,0xffd0f0d0,0xffd0f0d0,0xffd0f0d0,0xffd0f0d0,0xffd0f0d0,0xffd0f0d0,0xffd0f0d0,0xffd0f0d0,0xffd0f0d0,0xffd0f0d0,
0xffd0f0d0,0xffd0f0d0,0xffd0f0d0,0xffd0f0d0,0xffd0f0d0,0xffd0f0d0,0xffd0f0d0,0xffd0f0d0,0xffd0f0d0,0xffd0f0d0,0xffd0f0d0,0xffd0f0d0,
0xffd0f0d0,0xffd0f0d0,0xffd0f0d0,0xffd0f0d0,0xffd0f0d0,0xffd0f0d0,0xffd0f0d0,0xffd0f0d0,0xffd0f0d0,0xffd0f0d0,0xffd0f0d0,0xffd0f0d0,
0xffd0f0d0,0xffd0f0d0,0xffd0f0d0,0xffd0f0d0,0xffd0f0d0,0xffd0f0d0,0xffd0f0d0,0xffd0f0d0,0xffd0f0d0,0xffd0f0d0,0xffd0f0d0,0xffd0f0d0,
0xffd0f0d0,0xffb1e9b8,0xffb1e9b8,0xffb1e9b8,0xffb1e9b8,0xffd0f0d0,0xffd0f0d0,0xffd0f0d0,0xffd0f0d0,0xffd0f0d0,0xffd0f0d0,0xffd0f0d0,
0xffd0f0d0,0xffb1e9b8,0xffb1e9b8,0xffb1e9b8,0xffb1e9b8,0xffd0f0d0,0xffd0f0d0,0xffd0f0d0,0xffd0f0d0,0xffd0f0d0,0xffd0f0d0,0xffd0f0d0,
0xffd0f0d0,0xffb1e9b8,0xffb1e9b8,0xffb1e9b8,0xffb1e9b8,0xffd0f0d0,0xffd0f0d0,0xffd0f0d0,0xffd0f0d0,0xffd0f0d0,0xffd0f0d0,0xffd0f0d0,
0xffd0f0d0,0xffb1e9b8,0xffb1e9b8,0xffb1e9b8,0xffb1e9b8,0xffd0f0d0,0xffd0f0d0,0xffd0f0d0,0xffd0f0d0,0xffd0f0d0,0xffd0f0d0,0xffd0f0d0,
0xffd0f0d0,0xffb1e9b8,0xffb1e9b8,0xffb1e9b8,0xffb1e9b8,0xffd0f0d0,0xffd0f0d0,0xffd0f0d0,0xffd0f0d0,0xffd0f0d0,0xffd0f0d0,0xffd0f0d0,
0xffd0f0d0,0xffb1e9b8,0xffb1e9b8,0xffb1e9b8,0xffb1e9b8,0xffd0f0d0,0xffd0f0d0,0xffd0f0d0,0xffd0f0d0,0xffd0f0d0,0xffd0f0d0,0xffd0f0d0,
0xffd0f0d0,0xffb1e9b8,0xffb1e9b8,0xffb1e9b8,0xffb1e9b8,0xffd0f0d0,0xffd0f0d0,0xffd0f0d0,0xffd0f0d0,0xffd0f0d0,0xffd0f0d0,0xffd0f0d0,
0xffd0f0d0,0xffb1e9b8,0xffb1e9b8,0xffb1e9b8,0xffb1e9b8,0xffd0f0d0,0xffd0f0d0,0xffd0f0d0,0xffd0f0d0,0xffd0f0d0,0xffd0f0d0,0xffd0f0d0,
0xffd0f0d0,0xffb1e9b8,0xffb1e9b8,0xffb1e9b8,0xffb1e9b8,0xffd0f0d0,0xffd0f0d0,0xffd0f0d0,0xffd0f0d0,0xffd0f0d0,0xffd0f0d0,0xffd0f0d0,
0xffd0f0d0,0xffb1e9b8,0xffb1e9b8,0xffb1e9b8,0xffb1e9b8,0xffd0f0d0,0xffd0f0d0,0xffd0f0d0,0xffd0f0d0,0xffd0f0d0,0xffd0f0d0,0xffd0f0d0,
0xffd0f0d0,0xffb1e9b8,0xffb1e9b8,0xffb1e9b8,0xffb1e9b8,0xffd0f0d0,0xffd0f0d0,0xffd0f0d0,0xffd0f0d0,0xffd0f0d0,0xffd0f0d0,0xffd0f0d0,
0xffd0f0d0,0xffb1e9b8,0xffb1e9b8,0xffb1e9b8,0xffb1e9b8,0xffd0f0d0,0xffd0f0d0,0xffd0f0d0,0xffd0f0d0,0xffd0f0d0,0xffd0f0d0,0xffd0f0d0,
0xffd0f0d0,0xffb1e9b8,0xffb1e9b8,0xffb1e9b8,0xffb1e9b8,0xffd0f0d0,0xffd0f0d0,0xffd0f0d0,0xffd0f0d0,0xffd0f0d0,0xffd0f0d0,0xffd0f0d0,
0xffd0f0d0,0xffb1e9b8,0xffb1e9b8,0xffb1e9b8,0xffb1e9b8,0xffd0f0d0,0xffd0f0d0,0xffd0f0d0,0xffd0f0d0,0xffd0f0d0,0xffd0f0d0,0xffd0f0d0,
0xffd0f0d0,0xffb1e9b8,0xffb1e9b8,0xffb1e9b8,0xffb1e9b8,0xffd0f0d0,0xffd0f0d0,0xffd0f0d0,0xffd0f0d0,0xffd0f0d0,0xffd0f0d0,0xffd0f0d0,
0xffd0f0d0,0xffb1e9b8,0xffb1e9b8,0xffb1e9b8,0xffb1e9b8,0xffd0f0d0,0xffd0f0d0,0xffd0f0d0,0xffd0f0d0,0xffd0f0d0,0xffd0f0d0,0xffd0f0d0,
0xffd0f0d0,0xffd0f0d0,0xffd0f0d0,0xffd0f0d0,0xffd0f0d0,0xffd0f0d0,0xffd0f0d0,0xffd0f0d0,0xffd0f0d0,0xffd0f0d0,0xffd0f0d0,0xffd0f0d0,
0xffd0f0d0,0xffd0f0d0,0xffd0f0d0,0xffd0f0d0,0xffd0f0d0,0xffd0f0d0,0xffd0f0d0,0xffd0f0d0,0xffd0f0d0,0xffd0f0d0,0xffd0f0d0,0xffd0f0d0,
0xffd0f0d0,0xffd0f0d0,0xffd0f0d0,0xffd0f0d0,0xffd0f0d0,0xffd0f0d0,0xffd0f0d0,0xffd0f0d0,0xffd0f0d0,0xffd0f0d0,0xffd0f0d0,0xffd0f0d0,
0xffd0f0d0,0xffd0f0d0,0xffd0f0d0,0xffd0f0d0,0xffd0f0d0,0xffd0f0d0,0xffd0f0d0,0xffd0f0d0,0xffd0f0d0,0xffd0f0d0,0xffd0f0d0,0xffd0f0d0,
0xffd0f0d0,0xffd0f0d0,0xffd0f0d0,0xffd0f0d0,0xffd0f0d0,0xffd0f0d0,0xffd0f0d0,0xffd0f0d0,0xffd0f0d0,0xffd0f0d0,0xffd0f0d0,0xffd0f0d0,
0xffd0f0d0,0xffd0f0d0,0xffd0f0d0,0xffd0f0d0,0xffd0f0d0,0xffd0f0d0,0xffd0f0d0,0xffd0f0d0,0xffd0f0d0,0xffd0f0d0,0xffd0f0d0,0xffd0f0d0,
0xffd0f0d0,0xffd0f0d0,0xffd0f0d0,0xffd0f0d0,0xffd0f0d0,0xffd0f0d0,0xffd0f0d0,0xffd0f0d0,0xffd0f0d0,0xffd0f0d0,0xffd0f0d0,0xffd0f0d0,
0xffd0f0d0,0xffd0f0d0,0xffd0f0d0,0xffd0f0d0,0xffd0f0d0,0xffd0f0d0,0xffd0f0d0,0xffd0f0d0,0xffd0f0d0,0xffd0f0d0,0xffd0f0d0,0xffd0f0d0,
0xffd0f0d0,0xffd0f0d0,0xffd0f0d0,0xffd0f0d0,0xffd0f0d0,0xffd0f0d0,0xffd0f0d0,0xffb1e9b8,0xffb1e9b8,0xffb1e9b8,0xffb1e9b8,0xffd0f0d0,
0xffd0f0d0,0xffd0f0d0,0xffd0f0d0,0xffd0f0d0,0xffd0f0d0,0xffd0f0d0,0xffd0f0d0,0xffb1e9b8,0xffb1e9b8,0xffb1e9b8,0xffb1e9b8,0xffd0f0d0,
0xffd0f0d0,0xffd0f0d0,0xffd0f0d0,0xffd0f0d0,0xffd0f0d0,0xffd0f0d0,0xffd0f0d0,0xffb1e9b8,0xffb1e9b8,0xffb1e9b8,0xffb1e9b8,0xffd0f0d0,
0xffd0f0d0,0xffd0f0d0,0xffd0f0d0,0xffd0f0d0,0xffd0f0d0,0xffd0f0d0,0xffd0f0d0,0xffb1e9b8,0xffb1e9b8,0xffb1e9b8,0xffb1e9b8,0xffd0f0d0,
0xffd0f0d0,0xffd0f0d0,0xffd0f0d0,0xffd0f0d0,0xffd0f0d0,0xffd0f0d0,0xffd0f0d0,0xffb1e9b8,0xffb1e9b8,0xffb1e9b8,0xffb1e9b8,0xffd0f0d0,
0xffd0f0d0,0xffd0f0d0,0xffd0f0d0,0xffd0f0d0,0xffd0f0d0,0xffd0f0d0,0xffd0f0d0,0xffb1e9b8,0xffb1e9b8,0xffb1e9b8,0xffb1e9b8,0xffd0f0d0,
0xffd0f0d0,0xffd0f0d0,0xffd0f0d0,0xffd0f0d0,0xffd0f0d0,0xffd0f0d0,0xffd0f0d0,0xffb1e9b8,0xffb1e9b8,0xffb1e9b8,0xffb1e9b8,0xffd0f0d0,
0xffd0f0d0,0xffd0f0d0,0xffd0f0d0,0xffd0f0d0,0xffd0f0d0,0xffd0f0d0,0xffd0f0d0,0xffb1e9b8,0xffb1e9b8,0xffb1e9b8,0xffb1e9b8,0xffd0f0d0,
0xffd0f0d0,0xffd0f0d0,0xffd0f0d0,0xffd0f0d0,0xffd0f0d0,0xffd0f0d0,0xffd0f0d0,0xffb1e9b8,0xffb1e9b8,0xffb1e9b8,0xffb1e9b8,0xffd0f0d0,
0xffd0f0d0,0xffd0f0d0,0xffd0f0d0,0xffd0f0d0,0xffd0f0d0,0xffd0f0d0,0xffd0f0d0,0xffb1e9b8,0xffb1e9b8,0xffb1e9b8,0xffb1e9b8,0xffd0f0d0,
0xffd0f0d0,0xffd0f0d0,0xffd0f0d0,0xffd0f0d0,0xffd0f0d0,0xffd0f0d0,0xffd0f0d0,0xffb1e9b8,0xffb1e9b8,0xffb1e9b8,0xffb1e9b8,0xffd0f0d0,
0xffd0f0d0,0xffd0f0d0,0xffd0f0d0,0xffd0f0d0,0xffd0f0d0,0xffd0f0d0,0xffd0f0d0,0xffb1e9b8,0xffb1e9b8,0xffb1e9b8,0xffb1e9b8,0xffd0f0d0,
0xffd0f0d0,0xffd0f0d0,0xffd0f0d0,0xffd0f0d0,0xffd0f0d0,0xffd0f0d0,0xffd0f0d0,0xffb1e9b8,0xffb1e9b8,0xffb1e9b8,0xffb1e9b8,0xffd0f0d0,
0xffd0f0d0,0xffd0f0d0,0xffd0f0d0,0xffd0f0d0,0xffd0f0d0,0xffd0f0d0,0xffd0f0d0,0xffb1e9b8,0xffb1e9b8,0xffb1e9b8,0xffb1e9b8,0xffd0f0d0,
0xffd0f0d0,0xffd0f0d0,0xffd0f0d0,0xffd0f0d0,0xffd0f0d0,0xffd0f0d0,0xffd0f0d0,0xffb1e9b8,0xffb1e9b8,0xffb1e9b8,0xffb1e9b8,0xffd0f0d0,
0xffd0f0d0,0xffd0f0d0,0xffd0f0d0,0xffd0f0d0,0xffd0f0d0,0xffd0f0d0,0xffd0f0d0,0xffb1e9b8,0xffb1e9b8,0xffb1e9b8,0xffb1e9b8,0xffd0f0d0,
0xffd0f0d0,0xffd0f0d0,0xffd0f0d0,0xffd0f0d0,0xffd0f0d0,0xffd0f0d0,0xffd0f0d0,0xffd0f0d0,0xffd0f0d0,0xffd0f0d0,0xffd0f0d0,0xffd0f0d0,
0xffd0f0d0,0xffd0f0d0,0xffd0f0d0,0xffd0f0d0,0xffd0f0d0,0xffd0f0d0,0xffd0f0d0,0xffd0f0d0,0xffd0f0d0,0xffd0f0d0,0xffd0f0d0,0xffd0f0d0,
0xffd0f0d0,0xffd0f0d0,0xffd0f0d0,0xffd0f0d0,0xffd0f0d0,0xffd0f0d0,0xffd0f0d0,0xffd0f0d0,0xffd0f0d0,0xffd0f0d0,0xffd0f0d0,0xffd0f0d0,
0xffd0f0d0,0xffd0f0d0,0xffd0f0d0,0xffd0f0d0,0xffd0f0d0,0xffd0f0d0,0xffd0f0d0,0xffd0f0d0,0xffd0f0d0,0xffd0f0d0,0xffd0f0d0,0xffd0f0d0,
0xffd0f0d0,0xffd0f0d0,0xffd0f0d0,0xffd0f0d0,0xffd0f0d0,0xffd0f0d0,0xffd0f0d0,0xffd0f0d0,0xffd0f0d0,0xffd0f0d0,0xffd0f0d0,0xffd0f0d0,
0xffd0f0d0,0xffd0f0d0,0xffd0f0d0,0xffd0f0d0,0xffd0f0d0,0xffd0f0d0,0xffd0f0d0,0xffd0f0d0,0xffd0f0d0,0xffd0f0d0,0xffd0f0d0,0xffd0f0d0,
0xffd0f0d0,0xffd0f0d0,0xffd0f0d0,0xffd0f0d0,0xffd0f0d0,0xffd0f0d0,0xffd0f0d0,0xffd0f0d0,0xffd0f0d0,0xffd0f0d0,0xffd0f0d0,0xffd0f0d0,
0xffd0f0d0,0xffd0f0d0,0xffd0f0d0,0xffd0f0d0,0xffd0f0d0,0xffd0f0d0,0xffd0f0d0,0xffd0f0d0,0xffd0f0d0,0xffd0f0d0,0xffd0f0d0,0xffd0f0d0,
0xffd0f0d0,0xffb1e9b8,0xffb1e9b8,0xffb1e9b8,0xffb1e9b8,0xffd0f0d0,0xffd0f0d0,0xffd0f0d0,0xffd0f0d0,0xffd0f0d0,0xffd0f0d0,0xffd0f0d0,
0xffd0f0d0,0xffb1e9b8,0xffb1e9b8,0xffb1e9b8,0xffb1e9b8,0xffd0f0d0,0xffd0f0d0,0xffd0f0d0,0xffd0f0d0,0xffd0f0d0,0xffd0f0d0,0xffd0f0d0,
0xffd0f0d0,0xffb1e9b8,0xffb1e9b8,0xffb1e9b8,0xffb1e9b8,0xffd0f0d0,0xffd0f0d0,0xffd0f0d0,0xffd0f0d0,0xffd0f0d0,0xffd0f0d0,0xffd0f0d0,
0xffd0f0d0,0xffb1e9b8,0xffb1e9b8,0xffb1e9b8,0xffb1e9b8,0xffd0f0d0,0xffd0f0d0,0xffd0f0d0,0xffd0f0d0,0xffd0f0d0,0xffd0f0d0,0xffd0f0d0,
0xffd0f0d0,0xffb1e9b8,0xffb1e9b8,0xffb1e9b8,0xffb1e9b8,0xffd0f0d0,0xffd0f0d0,0xffd0f0d0,0xffd0f0d0,0xffd0f0d0,0xffd0f0d0,0xffd0f0d0,
0xffd0f0d0,0xffb1e9b8,0xffb1e9b8,0xffb1e9b8,0xffb1e9b8,0xffd0f0d0,0xffd0f0d0,0xffd0f0d0,0xffd0f0d0,0xffd0f0d0,0xffd0f0d0,0xffd0f0d0,
0xffd0f0d0,0xffb1e9b8,0xffb1e9b8,0xffb1e9b8,0xffb1e9b8,0xffd0f0d0,0xffd0f0d0,0xffd0f0d0,0xffd0f0d0,0xffd0f0d0,0xffd0f0d0,0xffd0f0d0,
0xffd0f0d0,0xffb1e9b8,0xffb1e9b8,0xffb1e9b8,0xffb1e9b8,0xffd0f0d0,0xffd0f0d0,0xffd0f0d0,0xffd0f0d0,0xffd0f0d0,0xffd0f0d0,0xffd0f0d0,
0xffd0f0d0,0xffb1e9b8,0xffb1e9b8,0xffb1e9b8,0xffb1e9b8,0xffd0f0d0,0xffd0f0d0,0xffd0f0d0,0xffd0f0d0,0xffd0f0d0,0xffd0f0d0,0xffd0f0d0,
0xffd0f0d0,0xffb1e9b8,0xffb1e9b8,0xffb1e9b8,0xffb1e9b8,0xffd0f0d0,0xffd0f0d0,0xffd0f0d0,0xffd0f0d0,0xffd0f0d0,0xffd0f0d0,0xffd0f0d0,
0xffd0f0d0,0xffb1e9b8,0xffb1e9b8,0xffb1e9b8,0xffb1e9b8,0xffd0f0d0,0xffd0f0d0,0xffd0f0d0,0xffd0f0d0,0xffd0f0d0,0xffd0f0d0,0xffd0f0d0,
0xffd0f0d0,0xffb1e9b8,0xffb1e9b8,0xffb1e9b8,0xffb1e9b8,0xffd0f0d0,0xffd0f0d0,0xffd0f0d0,0xffd0f0d0,0xffd0f0d0,0xffd0f0d0,0xffd0f0d0,
0xffd0f0d0,0xffb1e9b8,0xffb1e9b8,0xffb1e9b8,0xffb1e9b8,0xffd0f0d0,0xffd0f0d0,0xffd0f0d0,0xffd0f0d0,0xffd0f0d0,0xffd0f0d0,0xffd0f0d0,
0xffd0f0d0,0xffb1e9b8,0xffb1e9b8,0xffb1e9b8,0xffb1e9b8,0xffd0f0d0,0xffd0f0d0,0xffd0f0d0,0xffd0f0d0,0xffd0f0d0,0xffd0f0d0,0xffd0f0d0,
0xffd0f0d0,0xffb1e9b8,0xffb1e9b8,0xffb1e9b8,0xffb1e9b8,0xffd0f0d0,0xffd0f0d0,0xffd0f0d0,0xffd0f0d0,0xffd0f0d0,0xffd0f0d0,0xffd0f0d0,
0xffd0f0d0,0xffb1e9b8,0xffb1e9b8,0xffb1e9b8,0xffb1e9b8,0xffd0f0d0,0xffd0f0d0,0xffd0f0d0,0xffd0f0d0,0xffd0f0d0,0xffd0f0d0,0xffd0f0d0,
0xffd0f0d0,0xffd0f0d0,0xffd0f0d0,0xffd0f0d0,0xffd0f0d0,0xffd0f0d0,0xffd0f0d0,0xffd0f0d0,0xffd0f0d0,0xffd0f0d0,0xffd0f0d0,0xffd0f0d0,
0xffd0f0d0,0xffd0f0d0,0xffd0f0d0,0xffd0f0d0,0xffd0f0d0,0xffd0f0d0,0xffd0f0d0,0xffd0f0d0,0xffd0f0d0,0xffd0f0d0,0xffd0f0d0,0xffd0f0d0,
0xffd0f0d0,0xffd0f0d0,0xffd0f0d0,0xffd0f0d0,0xffd0f0d0,0xffd0f0d0,0xffd0f0d0,0xffd0f0d0,0xffd0f0d0,0xffd0f0d0,0xffd0f0d0,0xffd0f0d0,
0xffd0f0d0,0xffd0f0d0,0xffd0f0d0,0xffd0f0d0,0xffd0f0d0,0xffd0f0d0,0xffd0f0d0,0xffd0f0d0,0xffd0f0d0,0xffd0f0d0,0xffd0f0d0,0xffd0f0d0,
0xffd0f0d0,0xffd0f0d0,0xffd0f0d0,0xffd0f0d0,0xffd0f0d0,0xffd0f0d0,0xffd0f0d0,0xffd0f0d0,0xffd0f0d0,0xffd0f0d0,0xffd0f0d0,0xffd0f0d0,
0xffd0f0d0,0xffd0f0d0,0xffd0f0d0,0xffd0f0d0,0xffd0f0d0,0xffd0f0d0,0xffd0f0d0,0xffd0f0d0,0xffd0f0d0,0xffd0f0d0,0xffd0f0d0,0xffd0f0d0,
0xffd0f0d0,0xffd0f0d0,0xffd0f0d0,0xffd0f0d0,0xffd0f0d0,0xffd0f0d0,0xffd0f0d0,0xffd0f0d0,0xffd0f0d0,0xffd0f0d0,0xffd0f0d0,0xffd0f0d0,
0xffd0f0d0,0xffd0f0d0,0xffd0f0d0,0xffd0f0d0,0xffd0f0d0,0xffd0f0d0,0xffd0f0d0,0xffd0f0d0,0xffd0f0d0,0xffd0f0d0,0xffd0f0d0,0xffd0f0d0,
0xffd0f0d0,0xffd0f0d0,0xffd0f0d0,0xffd0f0d0,0xffd0f0d0,0xffd0f0d0,0xffd0f0d0,0xffb1e9b8,0xffb1e9b8,0xffb1e9b8,0xffb1e9b8,0xffd0f0d0,
0xffd0f0d0,0xffd0f0d0,0xffd0f0d0,0xffd0f0d0,0xffd0f0d0,0xffd0f0d0,0xffd0f0d0,0xffb1e9b8,0xffb1e9b8,0xffb1e9b8,0xffb1e9b8,0xffd0f0d0,
0xffd0f0d0,0xffd0f0d0,0xffd0f0d0,0xffd0f0d0,0xffd0f0d0,0xffd0f0d0,0xffd0f0d0,0xffb1e9b8,0xffb1e9b8,0xffb1e9b8,0xffb1e9b8,0xffd0f0d0,
0xffd0f0d0,0xffd0f0d0,0xffd0f0d0,0xffd0f0d0,0xffd0f0d0,0xffd0f0d0,0xffd0f0d0,0xffb1e9b8,0xffb1e9b8,0xffb1e9b8,0xffb1e9b8,0xffd0f0d0,
0xffd0f0d0,0xffd0f0d0,0xffd0f0d0,0xffd0f0d0,0xffd0f0d0,0xffd0f0d0,0xffd0f0d0,0xffb1e9b8,0xffb1e9b8,0xffb1e9b8,0xffb1e9b8,0xffd0f0d0,
0xffd0f0d0,0xffd0f0d0,0xffd0f0d0,0xffd0f0d0,0xffd0f0d0,0xffd0f0d0,0xffd0f0d0,0xffb1e9b8,0xffb1e9b8,0xffb1e9b8,0xffb1e9b8,0xffd0f0d0,
0xffd0f0d0,0xffd0f0d0,0xffd0f0d0,0xffd0f0d0,0xffd0f0d0,0xffd0f0d0,0xffd0f0d0,0xffb1e9b8,0xffb1e9b8,0xffb1e9b8,0xffb1e9b8,0xffd0f0d0,
0xffd0f0d0,0xffd0f0d0,0xffd0f0d0,0xffd0f0d0,0xffd0f0d0,0xffd0f0d0,0xffd0f0d0,0xffb1e9b8,0xffb1e9b8,0xffb1e9b8,0xffb1e9b8,0xffd0f0d0,
0xffd0f0d0,0xffd0f0d0,0xffd0f0d0,0xffd0f0d0,0xffd0f0d0,0xffd0f0d0,0xffd0f0d0,0xffb1e9b8,0xffb1e9b8,0xffb1e9b8,0xffb1e9b8,0xffd0f0d0,
0xffd0f0d0,0xffd0f0d0,0xffd0f0d0,0xffd0f0d0,0xffd0f0d0,0xffd0f0d0,0xffd0f0d0,0xffb1e9b8,0xffb1e9b8,0xffb1e9b8,0xffb1e9b8,0xffd0f0d0,
0xffd0f0d0,0xffd0f0d0,0xffd0f0d0,0xffd0f0d0,0xffd0f0d0,0xffd0f0d0,0xffd0f0d0,0xffb1e9b8,0xffb1e9b8,0xffb1e9b8,0xffb1e9b8,0xffd0f0d0,
0xffd0f0d0,0xffd0f0d0,0xffd0f0d0,0xffd0f0d0,0xffd0f0d0,0xffd0f0d0,0xffd0f0d0,0xffb1e9b8,0xffb1e9b8,0xffb1e9b8,0xffb1e9b8,0xffd0f0d0,
0xffd0f0d0,0xffd0f0d0,0xffd0f0d0,0xffd0f0d0,0xffd0f0d0,0xffd0f0d0,0xffd0f0d0,0xffb1e9b8,0xffb1e9b8,0xffb1e9b8,0xffb1e9b8,0xffd0f0d0,
0xffd0f0d0,0xffd0f0d0,0xffd0f0d0,0xffd0f0d0,0xffd0f0d0,0xffd0f0d0,0xffd0f0d0,0xffb1e9b8,0xffb1e9b8,0xffb1e9b8,0xffb1e9b8,0xffd0f0d0,
0xffd0f0d0,0xffd0f0d0,0xffd0f0d0,0xffd0f0d0,0xffd0f0d0,0xffd0f0d0,0xffd0f0d0,0xffb1e9b8,0xffb1e9b8,0xffb1e9b8,0xffb1e9b8,0xffd0f0d0,
0xffd0f0d0,0xffd0f0d0,0xffd0f0d0,0xffd0f0d0,0xffd0f0d0,0xffd0f0d0,0xffd0f0d0,0xffb1e9b8,0xffb1e9b8,0xffb1e9b8,0xffb1e9b8,0xffd0f0d0,
0xffd0f0d0,0xffd0f0d0,0xffd0f0d0,0xffd0f0d0,0xffd0f0d0,0xffd0f0d0,0xffd0f0d0,0xffd0f0d0,0xffd0f0d0,0xffd0f0d0,0xffd0f0d0,0xffd0f0d0,
0xffd0f0d0,0xffd0f0d0,0xffd0f0d0,0xffd0f0d0,0xffd0f0d0,0xffd0f0d0,0xffd0f0d0,0xffd0f0d0,0xffd0f0d0,0xffd0f0d0,0xffd0f0d0,0xffd0f0d0,
0xffd0f0d0,0xffd0f0d0,0xffd0f0d0,0xffd0f0d0,0xffd0f0d0,0xffd0f0d0,0xffd0f0d0,0xffd0f0d0,0xffd0f0d0,0xffd0f0d0,0xffd0f0d0,0xffd0f0d0,
0xffd0f0d0,0xffd0f0d0,0xffd0f0d0,0xffd0f0d0,0xffd0f0d0,0xffd0f0d0,0xffd0f0d0,0xffd0f0d0,0xffd0f0d0,0xffd0f0d0,0xffd0f0d0,0xffd0f0d0
};

#define kSSTexParch_W 64
#define kSSTexParch_H 64
static const unsigned int kSSTexParch[4096] = {
0xffecdeb2,0xffecdeb2,0xffecdeb2,0xffecdeb2,0xffecdeb2,0xffdecc98,0xffecdeb2,0xffdecc98,0xffecdeb2,0xffecdeb2,0xffecdeb2,0xffecdeb2,
0xffecdeb2,0xffecdeb2,0xffecdeb2,0xffecdeb2,0xffdecc98,0xffdecc98,0xffecdeb2,0xffecdeb2,0xffecdeb2,0xffecdeb2,0xffecdeb2,0xffecdeb2,
0xffecdeb2,0xffdecc98,0xffecdeb2,0xffecdeb2,0xffecdeb2,0xffecdeb2,0xffecdeb2,0xffecdeb2,0xffecdeb2,0xffecdeb2,0xffecdeb2,0xffecdeb2,
0xffdecc98,0xffecdeb2,0xffecdeb2,0xffecdeb2,0xffecdeb2,0xffecdeb2,0xffecdeb2,0xffecdeb2,0xffecdeb2,0xffecdeb2,0xffecdeb2,0xffecdeb2,
0xffecdeb2,0xffecdeb2,0xffecdeb2,0xffecdeb2,0xffecdeb2,0xffecdeb2,0xffecdeb2,0xffdecc98,0xffecdeb2,0xffecdeb2,0xffecdeb2,0xffecdeb2,
0xffdecc98,0xffdecc98,0xffecdeb2,0xffecdeb2,0xffecdeb2,0xffecdeb2,0xffecdeb2,0xffecdeb2,0xffecdeb2,0xffecdeb2,0xffecdeb2,0xffccb880,
0xffecdeb2,0xffecdeb2,0xffecdeb2,0xffecdeb2,0xffecdeb2,0xffecdeb2,0xffecdeb2,0xffecdeb2,0xffccb880,0xffecdeb2,0xffdecc98,0xffecdeb2,
0xffecdeb2,0xffecdeb2,0xffecdeb2,0xffecdeb2,0xffdecc98,0xffecdeb2,0xffecdeb2,0xffdecc98,0xffecdeb2,0xffecdeb2,0xffdecc98,0xffecdeb2,
0xffecdeb2,0xffecdeb2,0xffecdeb2,0xffecdeb2,0xffecdeb2,0xffecdeb2,0xffdecc98,0xffecdeb2,0xffecdeb2,0xffecdeb2,0xffecdeb2,0xffecdeb2,
0xffecdeb2,0xffecdeb2,0xffecdeb2,0xffecdeb2,0xffecdeb2,0xffecdeb2,0xffecdeb2,0xffecdeb2,0xffecdeb2,0xffecdeb2,0xffecdeb2,0xffecdeb2,
0xffecdeb2,0xffdecc98,0xffdecc98,0xffecdeb2,0xffecdeb2,0xffecdeb2,0xffecdeb2,0xffecdeb2,0xffecdeb2,0xffecdeb2,0xffecdeb2,0xffecdeb2,
0xffecdeb2,0xffecdeb2,0xffecdeb2,0xffecdeb2,0xffecdeb2,0xffecdeb2,0xffdecc98,0xffecdeb2,0xffecdeb2,0xffdecc98,0xffecdeb2,0xffecdeb2,
0xffecdeb2,0xffdecc98,0xffecdeb2,0xffecdeb2,0xffecdeb2,0xffecdeb2,0xffecdeb2,0xffecdeb2,0xffecdeb2,0xffecdeb2,0xffecdeb2,0xffdecc98,
0xffecdeb2,0xffecdeb2,0xffecdeb2,0xffdecc98,0xffecdeb2,0xffecdeb2,0xffecdeb2,0xffdecc98,0xffecdeb2,0xffecdeb2,0xffecdeb2,0xffecdeb2,
0xffecdeb2,0xffdecc98,0xffecdeb2,0xffecdeb2,0xffecdeb2,0xffecdeb2,0xffecdeb2,0xffecdeb2,0xffecdeb2,0xffecdeb2,0xffecdeb2,0xffecdeb2,
0xffecdeb2,0xffdecc98,0xffecdeb2,0xffecdeb2,0xffecdeb2,0xffdecc98,0xffecdeb2,0xffdecc98,0xffdecc98,0xffecdeb2,0xffecdeb2,0xffecdeb2,
0xffecdeb2,0xffccb880,0xffecdeb2,0xffecdeb2,0xffecdeb2,0xffecdeb2,0xffecdeb2,0xffccb880,0xffecdeb2,0xffdecc98,0xffdecc98,0xffecdeb2,
0xffdecc98,0xffecdeb2,0xffecdeb2,0xffecdeb2,0xffecdeb2,0xffecdeb2,0xffecdeb2,0xffecdeb2,0xffecdeb2,0xffecdeb2,0xffecdeb2,0xffecdeb2,
0xffdecc98,0xffecdeb2,0xffecdeb2,0xffecdeb2,0xffecdeb2,0xffdecc98,0xffdecc98,0xffecdeb2,0xffecdeb2,0xffecdeb2,0xffecdeb2,0xffdecc98,
0xffecdeb2,0xffecdeb2,0xffecdeb2,0xffdecc98,0xffecdeb2,0xffecdeb2,0xffecdeb2,0xffecdeb2,0xffecdeb2,0xffdecc98,0xffecdeb2,0xffecdeb2,
0xffecdeb2,0xffecdeb2,0xffecdeb2,0xffecdeb2,0xffecdeb2,0xffdecc98,0xffecdeb2,0xffecdeb2,0xffecdeb2,0xffecdeb2,0xffecdeb2,0xffecdeb2,
0xffecdeb2,0xffdecc98,0xffecdeb2,0xffecdeb2,0xffecdeb2,0xffecdeb2,0xffecdeb2,0xffecdeb2,0xffdecc98,0xffdecc98,0xffecdeb2,0xffccb880,
0xffdecc98,0xffecdeb2,0xffecdeb2,0xffdecc98,0xffecdeb2,0xffecdeb2,0xffdecc98,0xffecdeb2,0xffecdeb2,0xffecdeb2,0xffecdeb2,0xffecdeb2,
0xffecdeb2,0xffecdeb2,0xffecdeb2,0xffecdeb2,0xffecdeb2,0xffecdeb2,0xffecdeb2,0xffecdeb2,0xffecdeb2,0xffdecc98,0xffecdeb2,0xffecdeb2,
0xffecdeb2,0xffdecc98,0xffecdeb2,0xffecdeb2,0xffecdeb2,0xffecdeb2,0xffecdeb2,0xffecdeb2,0xffecdeb2,0xffecdeb2,0xffecdeb2,0xffecdeb2,
0xffecdeb2,0xffecdeb2,0xffecdeb2,0xffecdeb2,0xffecdeb2,0xffdecc98,0xffecdeb2,0xffecdeb2,0xffecdeb2,0xffecdeb2,0xffecdeb2,0xffecdeb2,
0xffecdeb2,0xffecdeb2,0xffecdeb2,0xffecdeb2,0xffecdeb2,0xffecdeb2,0xffecdeb2,0xffecdeb2,0xffecdeb2,0xffdecc98,0xffecdeb2,0xffecdeb2,
0xffdecc98,0xffecdeb2,0xffecdeb2,0xffdecc98,0xffecdeb2,0xffdecc98,0xffecdeb2,0xffdecc98,0xffecdeb2,0xffecdeb2,0xffecdeb2,0xffecdeb2,
0xffecdeb2,0xffecdeb2,0xffecdeb2,0xffecdeb2,0xffecdeb2,0xffecdeb2,0xffecdeb2,0xffecdeb2,0xffecdeb2,0xffecdeb2,0xffecdeb2,0xffecdeb2,
0xffecdeb2,0xffecdeb2,0xffecdeb2,0xffecdeb2,0xffecdeb2,0xffecdeb2,0xffecdeb2,0xffecdeb2,0xffecdeb2,0xffecdeb2,0xffdecc98,0xffecdeb2,
0xffecdeb2,0xffdecc98,0xffecdeb2,0xffecdeb2,0xffecdeb2,0xffecdeb2,0xffdecc98,0xffecdeb2,0xffecdeb2,0xffecdeb2,0xffecdeb2,0xffecdeb2,
0xffecdeb2,0xffecdeb2,0xffecdeb2,0xffecdeb2,0xffecdeb2,0xffecdeb2,0xffecdeb2,0xffecdeb2,0xffdecc98,0xffecdeb2,0xffecdeb2,0xffecdeb2,
0xffecdeb2,0xffecdeb2,0xffdecc98,0xffecdeb2,0xffdecc98,0xffecdeb2,0xffecdeb2,0xffecdeb2,0xffecdeb2,0xffecdeb2,0xffecdeb2,0xffecdeb2,
0xffecdeb2,0xffdecc98,0xffecdeb2,0xffecdeb2,0xffecdeb2,0xffecdeb2,0xffecdeb2,0xffecdeb2,0xffecdeb2,0xffecdeb2,0xffecdeb2,0xffecdeb2,
0xffecdeb2,0xffecdeb2,0xffecdeb2,0xffecdeb2,0xffecdeb2,0xffecdeb2,0xffecdeb2,0xffecdeb2,0xffecdeb2,0xffecdeb2,0xffecdeb2,0xffecdeb2,
0xffecdeb2,0xffecdeb2,0xffecdeb2,0xffecdeb2,0xffecdeb2,0xffecdeb2,0xffecdeb2,0xffecdeb2,0xffecdeb2,0xffecdeb2,0xffdecc98,0xffecdeb2,
0xffecdeb2,0xffecdeb2,0xffecdeb2,0xffdecc98,0xffecdeb2,0xffecdeb2,0xffdecc98,0xffecdeb2,0xffecdeb2,0xffecdeb2,0xffecdeb2,0xffecdeb2,
0xffecdeb2,0xffdecc98,0xffecdeb2,0xffecdeb2,0xffecdeb2,0xffecdeb2,0xffecdeb2,0xffecdeb2,0xffecdeb2,0xffdecc98,0xffecdeb2,0xffecdeb2,
0xffecdeb2,0xffccb880,0xffecdeb2,0xffdecc98,0xffecdeb2,0xffecdeb2,0xffecdeb2,0xffecdeb2,0xffecdeb2,0xffdecc98,0xffecdeb2,0xffecdeb2,
0xffecdeb2,0xffecdeb2,0xffecdeb2,0xffecdeb2,0xffecdeb2,0xffecdeb2,0xffdecc98,0xffecdeb2,0xffecdeb2,0xffecdeb2,0xffecdeb2,0xffecdeb2,
0xffecdeb2,0xffecdeb2,0xffecdeb2,0xffecdeb2,0xffecdeb2,0xffdecc98,0xffdecc98,0xffdecc98,0xffecdeb2,0xffecdeb2,0xffecdeb2,0xffecdeb2,
0xffecdeb2,0xffecdeb2,0xffecdeb2,0xffecdeb2,0xffecdeb2,0xffecdeb2,0xffecdeb2,0xffecdeb2,0xffdecc98,0xffecdeb2,0xffecdeb2,0xffecdeb2,
0xffecdeb2,0xffecdeb2,0xffecdeb2,0xffecdeb2,0xffecdeb2,0xffecdeb2,0xffecdeb2,0xffecdeb2,0xffecdeb2,0xffecdeb2,0xffecdeb2,0xffecdeb2,
0xffecdeb2,0xffecdeb2,0xffecdeb2,0xffecdeb2,0xffecdeb2,0xffecdeb2,0xffecdeb2,0xffecdeb2,0xffecdeb2,0xffecdeb2,0xffdecc98,0xffecdeb2,
0xffecdeb2,0xffecdeb2,0xffecdeb2,0xffecdeb2,0xffecdeb2,0xffecdeb2,0xffecdeb2,0xffecdeb2,0xffccb880,0xffecdeb2,0xffecdeb2,0xffecdeb2,
0xffecdeb2,0xffecdeb2,0xffecdeb2,0xffecdeb2,0xffecdeb2,0xffecdeb2,0xffecdeb2,0xffecdeb2,0xffecdeb2,0xffecdeb2,0xffecdeb2,0xffecdeb2,
0xffecdeb2,0xffecdeb2,0xffecdeb2,0xffecdeb2,0xffecdeb2,0xffecdeb2,0xffecdeb2,0xffecdeb2,0xffecdeb2,0xffecdeb2,0xffdecc98,0xffdecc98,
0xffecdeb2,0xffecdeb2,0xffecdeb2,0xffecdeb2,0xffecdeb2,0xffccb880,0xffecdeb2,0xffecdeb2,0xffecdeb2,0xffecdeb2,0xffecdeb2,0xffecdeb2,
0xffecdeb2,0xffecdeb2,0xffecdeb2,0xffecdeb2,0xffecdeb2,0xffecdeb2,0xffdecc98,0xffecdeb2,0xffecdeb2,0xffecdeb2,0xffecdeb2,0xffecdeb2,
0xffecdeb2,0xffecdeb2,0xffecdeb2,0xffecdeb2,0xffecdeb2,0xffecdeb2,0xffecdeb2,0xffecdeb2,0xffecdeb2,0xffecdeb2,0xffdecc98,0xffdecc98,
0xffecdeb2,0xffecdeb2,0xffecdeb2,0xffecdeb2,0xffecdeb2,0xffecdeb2,0xffdecc98,0xffccb880,0xffecdeb2,0xffecdeb2,0xffdecc98,0xffecdeb2,
0xffecdeb2,0xffecdeb2,0xffecdeb2,0xffecdeb2,0xffecdeb2,0xffecdeb2,0xffecdeb2,0xffecdeb2,0xffecdeb2,0xffecdeb2,0xffecdeb2,0xffecdeb2,
0xffdecc98,0xffecdeb2,0xffecdeb2,0xffdecc98,0xffecdeb2,0xffecdeb2,0xffecdeb2,0xffecdeb2,0xffecdeb2,0xffecdeb2,0xffecdeb2,0xffecdeb2,
0xffecdeb2,0xffecdeb2,0xffccb880,0xffecdeb2,0xffecdeb2,0xffecdeb2,0xffdecc98,0xffecdeb2,0xffecdeb2,0xffecdeb2,0xffecdeb2,0xffecdeb2,
0xffecdeb2,0xffecdeb2,0xffecdeb2,0xffecdeb2,0xffecdeb2,0xffecdeb2,0xffecdeb2,0xffecdeb2,0xffecdeb2,0xffecdeb2,0xffecdeb2,0xffecdeb2,
0xffecdeb2,0xffecdeb2,0xffecdeb2,0xffecdeb2,0xffecdeb2,0xffecdeb2,0xffecdeb2,0xffecdeb2,0xffecdeb2,0xffdecc98,0xffecdeb2,0xffecdeb2,
0xffecdeb2,0xffecdeb2,0xffecdeb2,0xffecdeb2,0xffecdeb2,0xffecdeb2,0xffecdeb2,0xffecdeb2,0xffecdeb2,0xffecdeb2,0xffecdeb2,0xffecdeb2,
0xffecdeb2,0xffecdeb2,0xffecdeb2,0xffdecc98,0xffecdeb2,0xffecdeb2,0xffecdeb2,0xffecdeb2,0xffecdeb2,0xffecdeb2,0xffecdeb2,0xffdecc98,
0xffecdeb2,0xffecdeb2,0xffecdeb2,0xffecdeb2,0xffecdeb2,0xffecdeb2,0xffecdeb2,0xffecdeb2,0xffecdeb2,0xffdecc98,0xffecdeb2,0xffecdeb2,
0xffecdeb2,0xffecdeb2,0xffecdeb2,0xffecdeb2,0xffecdeb2,0xffecdeb2,0xffecdeb2,0xffecdeb2,0xffecdeb2,0xffecdeb2,0xffecdeb2,0xffecdeb2,
0xffecdeb2,0xffecdeb2,0xffdecc98,0xffecdeb2,0xffecdeb2,0xffecdeb2,0xffecdeb2,0xffecdeb2,0xffecdeb2,0xffecdeb2,0xffecdeb2,0xffecdeb2,
0xffecdeb2,0xffdecc98,0xffecdeb2,0xffecdeb2,0xffdecc98,0xffdecc98,0xffecdeb2,0xffecdeb2,0xffecdeb2,0xffecdeb2,0xffdecc98,0xffecdeb2,
0xffdecc98,0xffecdeb2,0xffecdeb2,0xffecdeb2,0xffecdeb2,0xffecdeb2,0xffecdeb2,0xffdecc98,0xffecdeb2,0xffecdeb2,0xffecdeb2,0xffecdeb2,
0xffdecc98,0xffecdeb2,0xffecdeb2,0xffecdeb2,0xffecdeb2,0xffecdeb2,0xffecdeb2,0xffecdeb2,0xffecdeb2,0xffecdeb2,0xffecdeb2,0xffecdeb2,
0xffecdeb2,0xffecdeb2,0xffecdeb2,0xffdecc98,0xffdecc98,0xffecdeb2,0xffecdeb2,0xffecdeb2,0xffecdeb2,0xffecdeb2,0xffccb880,0xffecdeb2,
0xffccb880,0xffecdeb2,0xffecdeb2,0xffecdeb2,0xffecdeb2,0xffecdeb2,0xffecdeb2,0xffdecc98,0xffdecc98,0xffecdeb2,0xffecdeb2,0xffecdeb2,
0xffecdeb2,0xffecdeb2,0xffccb880,0xffecdeb2,0xffecdeb2,0xffecdeb2,0xffecdeb2,0xffecdeb2,0xffecdeb2,0xffecdeb2,0xffecdeb2,0xffecdeb2,
0xffecdeb2,0xffecdeb2,0xffecdeb2,0xffecdeb2,0xffdecc98,0xffecdeb2,0xffecdeb2,0xffecdeb2,0xffecdeb2,0xffdecc98,0xffecdeb2,0xffecdeb2,
0xffecdeb2,0xffecdeb2,0xffecdeb2,0xffecdeb2,0xffccb880,0xffecdeb2,0xffecdeb2,0xffecdeb2,0xffecdeb2,0xffecdeb2,0xffecdeb2,0xffecdeb2,
0xffecdeb2,0xffecdeb2,0xffecdeb2,0xffecdeb2,0xffecdeb2,0xffecdeb2,0xffecdeb2,0xffecdeb2,0xffecdeb2,0xffecdeb2,0xffecdeb2,0xffecdeb2,
0xffecdeb2,0xffecdeb2,0xffecdeb2,0xffdecc98,0xffecdeb2,0xffecdeb2,0xffecdeb2,0xffecdeb2,0xffecdeb2,0xffecdeb2,0xffecdeb2,0xffecdeb2,
0xffecdeb2,0xffecdeb2,0xffecdeb2,0xffecdeb2,0xffecdeb2,0xffecdeb2,0xffdecc98,0xffecdeb2,0xffecdeb2,0xffecdeb2,0xffecdeb2,0xffecdeb2,
0xffecdeb2,0xffecdeb2,0xffecdeb2,0xffecdeb2,0xffecdeb2,0xffecdeb2,0xffecdeb2,0xffecdeb2,0xffecdeb2,0xffecdeb2,0xffecdeb2,0xffecdeb2,
0xffecdeb2,0xffecdeb2,0xffecdeb2,0xffecdeb2,0xffecdeb2,0xffecdeb2,0xffdecc98,0xffecdeb2,0xffecdeb2,0xffecdeb2,0xffecdeb2,0xffdecc98,
0xffecdeb2,0xffecdeb2,0xffdecc98,0xffecdeb2,0xffecdeb2,0xffecdeb2,0xffecdeb2,0xffecdeb2,0xffecdeb2,0xffdecc98,0xffecdeb2,0xffecdeb2,
0xffecdeb2,0xffecdeb2,0xffecdeb2,0xffecdeb2,0xffdecc98,0xffecdeb2,0xffdecc98,0xffecdeb2,0xffecdeb2,0xffecdeb2,0xffdecc98,0xffecdeb2,
0xffecdeb2,0xffecdeb2,0xffecdeb2,0xffecdeb2,0xffecdeb2,0xffecdeb2,0xffecdeb2,0xffecdeb2,0xffecdeb2,0xffecdeb2,0xffecdeb2,0xffdecc98,
0xffecdeb2,0xffecdeb2,0xffecdeb2,0xffdecc98,0xffecdeb2,0xffecdeb2,0xffecdeb2,0xffdecc98,0xffecdeb2,0xffecdeb2,0xffecdeb2,0xffecdeb2,
0xffecdeb2,0xffecdeb2,0xffecdeb2,0xffecdeb2,0xffecdeb2,0xffecdeb2,0xffecdeb2,0xffecdeb2,0xffecdeb2,0xffecdeb2,0xffecdeb2,0xffecdeb2,
0xffecdeb2,0xffecdeb2,0xffecdeb2,0xffecdeb2,0xffecdeb2,0xffecdeb2,0xffecdeb2,0xffecdeb2,0xffecdeb2,0xffecdeb2,0xffecdeb2,0xffdecc98,
0xffecdeb2,0xffecdeb2,0xffecdeb2,0xffecdeb2,0xffecdeb2,0xffecdeb2,0xffdecc98,0xffecdeb2,0xffdecc98,0xffecdeb2,0xffecdeb2,0xffecdeb2,
0xffecdeb2,0xffecdeb2,0xffdecc98,0xffecdeb2,0xffecdeb2,0xffecdeb2,0xffecdeb2,0xffdecc98,0xffecdeb2,0xffecdeb2,0xffecdeb2,0xffecdeb2,
0xffecdeb2,0xffecdeb2,0xffecdeb2,0xffecdeb2,0xffecdeb2,0xffdecc98,0xffecdeb2,0xffecdeb2,0xffecdeb2,0xffecdeb2,0xffecdeb2,0xffecdeb2,
0xffecdeb2,0xffecdeb2,0xffecdeb2,0xffecdeb2,0xffecdeb2,0xffecdeb2,0xffecdeb2,0xffecdeb2,0xffdecc98,0xffecdeb2,0xffecdeb2,0xffecdeb2,
0xffecdeb2,0xffecdeb2,0xffecdeb2,0xffecdeb2,0xffccb880,0xffecdeb2,0xffecdeb2,0xffecdeb2,0xffecdeb2,0xffecdeb2,0xffecdeb2,0xffecdeb2,
0xffecdeb2,0xffecdeb2,0xffecdeb2,0xffecdeb2,0xffecdeb2,0xffecdeb2,0xffecdeb2,0xffecdeb2,0xffecdeb2,0xffdecc98,0xffecdeb2,0xffecdeb2,
0xffecdeb2,0xffecdeb2,0xffecdeb2,0xffecdeb2,0xffdecc98,0xffecdeb2,0xffecdeb2,0xffecdeb2,0xffecdeb2,0xffecdeb2,0xffecdeb2,0xffecdeb2,
0xffecdeb2,0xffecdeb2,0xffecdeb2,0xffecdeb2,0xffdecc98,0xffecdeb2,0xffecdeb2,0xffecdeb2,0xffecdeb2,0xffdecc98,0xffecdeb2,0xffecdeb2,
0xffdecc98,0xffecdeb2,0xffecdeb2,0xffecdeb2,0xffecdeb2,0xffecdeb2,0xffdecc98,0xffecdeb2,0xffecdeb2,0xffecdeb2,0xffecdeb2,0xffecdeb2,
0xffdecc98,0xffecdeb2,0xffecdeb2,0xffecdeb2,0xffdecc98,0xffecdeb2,0xffecdeb2,0xffecdeb2,0xffecdeb2,0xffecdeb2,0xffecdeb2,0xffdecc98,
0xffecdeb2,0xffecdeb2,0xffecdeb2,0xffdecc98,0xffecdeb2,0xffecdeb2,0xffecdeb2,0xffecdeb2,0xffecdeb2,0xffecdeb2,0xffdecc98,0xffecdeb2,
0xffecdeb2,0xffecdeb2,0xffecdeb2,0xffecdeb2,0xffecdeb2,0xffecdeb2,0xffecdeb2,0xffecdeb2,0xffecdeb2,0xffecdeb2,0xffecdeb2,0xffdecc98,
0xffecdeb2,0xffecdeb2,0xffecdeb2,0xffecdeb2,0xffecdeb2,0xffecdeb2,0xffecdeb2,0xffecdeb2,0xffecdeb2,0xffecdeb2,0xffecdeb2,0xffecdeb2,
0xffdecc98,0xffecdeb2,0xffecdeb2,0xffecdeb2,0xffecdeb2,0xffecdeb2,0xffccb880,0xffecdeb2,0xffecdeb2,0xffecdeb2,0xffecdeb2,0xffecdeb2,
0xffecdeb2,0xffdecc98,0xffecdeb2,0xffdecc98,0xffecdeb2,0xffecdeb2,0xffecdeb2,0xffecdeb2,0xffecdeb2,0xffecdeb2,0xffecdeb2,0xffecdeb2,
0xffecdeb2,0xffecdeb2,0xffecdeb2,0xffecdeb2,0xffecdeb2,0xffecdeb2,0xffecdeb2,0xffecdeb2,0xffecdeb2,0xffecdeb2,0xffecdeb2,0xffecdeb2,
0xffecdeb2,0xffecdeb2,0xffecdeb2,0xffecdeb2,0xffecdeb2,0xffccb880,0xffecdeb2,0xffecdeb2,0xffecdeb2,0xffecdeb2,0xffecdeb2,0xffecdeb2,
0xffecdeb2,0xffecdeb2,0xffdecc98,0xffdecc98,0xffecdeb2,0xffecdeb2,0xffecdeb2,0xffecdeb2,0xffecdeb2,0xffecdeb2,0xffecdeb2,0xffecdeb2,
0xffecdeb2,0xffecdeb2,0xffecdeb2,0xffecdeb2,0xffecdeb2,0xffecdeb2,0xffecdeb2,0xffecdeb2,0xffecdeb2,0xffecdeb2,0xffecdeb2,0xffecdeb2,
0xffecdeb2,0xffecdeb2,0xffecdeb2,0xffdecc98,0xffecdeb2,0xffccb880,0xffecdeb2,0xffecdeb2,0xffecdeb2,0xffecdeb2,0xffecdeb2,0xffecdeb2,
0xffecdeb2,0xffecdeb2,0xffecdeb2,0xffecdeb2,0xffecdeb2,0xffecdeb2,0xffecdeb2,0xffdecc98,0xffecdeb2,0xffccb880,0xffdecc98,0xffecdeb2,
0xffecdeb2,0xffecdeb2,0xffdecc98,0xffecdeb2,0xffdecc98,0xffecdeb2,0xffecdeb2,0xffecdeb2,0xffecdeb2,0xffecdeb2,0xffdecc98,0xffecdeb2,
0xffecdeb2,0xffecdeb2,0xffecdeb2,0xffecdeb2,0xffecdeb2,0xffecdeb2,0xffecdeb2,0xffecdeb2,0xffccb880,0xffecdeb2,0xffecdeb2,0xffecdeb2,
0xffecdeb2,0xffecdeb2,0xffecdeb2,0xffecdeb2,0xffdecc98,0xffecdeb2,0xffecdeb2,0xffecdeb2,0xffccb880,0xffecdeb2,0xffecdeb2,0xffecdeb2,
0xffecdeb2,0xffecdeb2,0xffecdeb2,0xffecdeb2,0xffecdeb2,0xffecdeb2,0xffdecc98,0xffecdeb2,0xffecdeb2,0xffecdeb2,0xffecdeb2,0xffecdeb2,
0xffecdeb2,0xffecdeb2,0xffccb880,0xffecdeb2,0xffecdeb2,0xffecdeb2,0xffecdeb2,0xffecdeb2,0xffdecc98,0xffecdeb2,0xffecdeb2,0xffecdeb2,
0xffecdeb2,0xffdecc98,0xffecdeb2,0xffecdeb2,0xffecdeb2,0xffecdeb2,0xffecdeb2,0xffecdeb2,0xffdecc98,0xffecdeb2,0xffecdeb2,0xffecdeb2,
0xffecdeb2,0xffecdeb2,0xffecdeb2,0xffecdeb2,0xffecdeb2,0xffecdeb2,0xffecdeb2,0xffecdeb2,0xffecdeb2,0xffecdeb2,0xffecdeb2,0xffecdeb2,
0xffecdeb2,0xffecdeb2,0xffecdeb2,0xffecdeb2,0xffdecc98,0xffecdeb2,0xffdecc98,0xffecdeb2,0xffecdeb2,0xffecdeb2,0xffecdeb2,0xffecdeb2,
0xffdecc98,0xffecdeb2,0xffecdeb2,0xffecdeb2,0xffecdeb2,0xffecdeb2,0xffecdeb2,0xffecdeb2,0xffecdeb2,0xffecdeb2,0xffecdeb2,0xffdecc98,
0xffecdeb2,0xffecdeb2,0xffecdeb2,0xffecdeb2,0xffecdeb2,0xffecdeb2,0xffecdeb2,0xffccb880,0xffdecc98,0xffecdeb2,0xffecdeb2,0xffecdeb2,
0xffdecc98,0xffecdeb2,0xffecdeb2,0xffecdeb2,0xffecdeb2,0xffecdeb2,0xffccb880,0xffdecc98,0xffecdeb2,0xffccb880,0xffecdeb2,0xffecdeb2,
0xffecdeb2,0xffecdeb2,0xffdecc98,0xffecdeb2,0xffecdeb2,0xffecdeb2,0xffecdeb2,0xffecdeb2,0xffecdeb2,0xffecdeb2,0xffecdeb2,0xffecdeb2,
0xffecdeb2,0xffecdeb2,0xffecdeb2,0xffecdeb2,0xffecdeb2,0xffecdeb2,0xffecdeb2,0xffecdeb2,0xffecdeb2,0xffecdeb2,0xffecdeb2,0xffdecc98,
0xffecdeb2,0xffecdeb2,0xffecdeb2,0xffecdeb2,0xffecdeb2,0xffecdeb2,0xffecdeb2,0xffecdeb2,0xffecdeb2,0xffecdeb2,0xffecdeb2,0xffecdeb2,
0xffecdeb2,0xffecdeb2,0xffecdeb2,0xffdecc98,0xffecdeb2,0xffecdeb2,0xffecdeb2,0xffecdeb2,0xffdecc98,0xffecdeb2,0xffccb880,0xffecdeb2,
0xffecdeb2,0xffecdeb2,0xffdecc98,0xffecdeb2,0xffecdeb2,0xffecdeb2,0xffecdeb2,0xffdecc98,0xffecdeb2,0xffecdeb2,0xffecdeb2,0xffecdeb2,
0xffecdeb2,0xffdecc98,0xffecdeb2,0xffecdeb2,0xffdecc98,0xffecdeb2,0xffecdeb2,0xffecdeb2,0xffccb880,0xffecdeb2,0xffecdeb2,0xffecdeb2,
0xffecdeb2,0xffecdeb2,0xffecdeb2,0xffecdeb2,0xffecdeb2,0xffecdeb2,0xffecdeb2,0xffecdeb2,0xffecdeb2,0xffecdeb2,0xffecdeb2,0xffecdeb2,
0xffecdeb2,0xffccb880,0xffecdeb2,0xffecdeb2,0xffecdeb2,0xffecdeb2,0xffecdeb2,0xffecdeb2,0xffecdeb2,0xffecdeb2,0xffdecc98,0xffecdeb2,
0xffecdeb2,0xffecdeb2,0xffecdeb2,0xffdecc98,0xffdecc98,0xffecdeb2,0xffecdeb2,0xffecdeb2,0xffecdeb2,0xffecdeb2,0xffecdeb2,0xffecdeb2,
0xffecdeb2,0xffecdeb2,0xffdecc98,0xffecdeb2,0xffecdeb2,0xffecdeb2,0xffecdeb2,0xffdecc98,0xffecdeb2,0xffecdeb2,0xffecdeb2,0xffecdeb2,
0xffecdeb2,0xffecdeb2,0xffecdeb2,0xffecdeb2,0xffecdeb2,0xffecdeb2,0xffecdeb2,0xffdecc98,0xffecdeb2,0xffecdeb2,0xffecdeb2,0xffecdeb2,
0xffdecc98,0xffdecc98,0xffecdeb2,0xffecdeb2,0xffdecc98,0xffecdeb2,0xffecdeb2,0xffecdeb2,0xffecdeb2,0xffecdeb2,0xffecdeb2,0xffecdeb2,
0xffecdeb2,0xffdecc98,0xffecdeb2,0xffdecc98,0xffecdeb2,0xffdecc98,0xffdecc98,0xffecdeb2,0xffecdeb2,0xffecdeb2,0xffecdeb2,0xffecdeb2,
0xffecdeb2,0xffdecc98,0xffdecc98,0xffecdeb2,0xffecdeb2,0xffecdeb2,0xffecdeb2,0xffecdeb2,0xffecdeb2,0xffecdeb2,0xffecdeb2,0xffecdeb2,
0xffecdeb2,0xffecdeb2,0xffecdeb2,0xffecdeb2,0xffdecc98,0xffdecc98,0xffdecc98,0xffecdeb2,0xffecdeb2,0xffecdeb2,0xffccb880,0xffecdeb2,
0xffecdeb2,0xffdecc98,0xffecdeb2,0xffecdeb2,0xffecdeb2,0xffecdeb2,0xffecdeb2,0xffecdeb2,0xffecdeb2,0xffecdeb2,0xffecdeb2,0xffecdeb2,
0xffdecc98,0xffecdeb2,0xffecdeb2,0xffecdeb2,0xffccb880,0xffdecc98,0xffecdeb2,0xffecdeb2,0xffecdeb2,0xffecdeb2,0xffdecc98,0xffecdeb2,
0xffecdeb2,0xffecdeb2,0xffecdeb2,0xffecdeb2,0xffecdeb2,0xffecdeb2,0xffecdeb2,0xffecdeb2,0xffecdeb2,0xffecdeb2,0xffecdeb2,0xffdecc98,
0xffecdeb2,0xffecdeb2,0xffdecc98,0xffecdeb2,0xffecdeb2,0xffecdeb2,0xffecdeb2,0xffecdeb2,0xffecdeb2,0xffecdeb2,0xffecdeb2,0xffecdeb2,
0xffecdeb2,0xffecdeb2,0xffecdeb2,0xffecdeb2,0xffecdeb2,0xffdecc98,0xffecdeb2,0xffecdeb2,0xffecdeb2,0xffecdeb2,0xffccb880,0xffdecc98,
0xffdecc98,0xffecdeb2,0xffecdeb2,0xffecdeb2,0xffecdeb2,0xffecdeb2,0xffecdeb2,0xffecdeb2,0xffecdeb2,0xffdecc98,0xffdecc98,0xffecdeb2,
0xffdecc98,0xffecdeb2,0xffdecc98,0xffecdeb2,0xffecdeb2,0xffecdeb2,0xffecdeb2,0xffecdeb2,0xffecdeb2,0xffecdeb2,0xffecdeb2,0xffecdeb2,
0xffecdeb2,0xffecdeb2,0xffecdeb2,0xffccb880,0xffecdeb2,0xffdecc98,0xffdecc98,0xffecdeb2,0xffdecc98,0xffecdeb2,0xffecdeb2,0xffecdeb2,
0xffecdeb2,0xffecdeb2,0xffecdeb2,0xffecdeb2,0xffecdeb2,0xffecdeb2,0xffecdeb2,0xffecdeb2,0xffecdeb2,0xffecdeb2,0xffecdeb2,0xffecdeb2,
0xffecdeb2,0xffecdeb2,0xffdecc98,0xffdecc98,0xffecdeb2,0xffdecc98,0xffecdeb2,0xffecdeb2,0xffecdeb2,0xffecdeb2,0xffecdeb2,0xffdecc98,
0xffecdeb2,0xffecdeb2,0xffecdeb2,0xffecdeb2,0xffecdeb2,0xffdecc98,0xffecdeb2,0xffecdeb2,0xffecdeb2,0xffecdeb2,0xffecdeb2,0xffdecc98,
0xffecdeb2,0xffecdeb2,0xffecdeb2,0xffecdeb2,0xffecdeb2,0xffecdeb2,0xffecdeb2,0xffecdeb2,0xffecdeb2,0xffecdeb2,0xffecdeb2,0xffecdeb2,
0xffecdeb2,0xffecdeb2,0xffecdeb2,0xffecdeb2,0xffecdeb2,0xffecdeb2,0xffecdeb2,0xffecdeb2,0xffecdeb2,0xffdecc98,0xffecdeb2,0xffdecc98,
0xffecdeb2,0xffdecc98,0xffecdeb2,0xffecdeb2,0xffecdeb2,0xffecdeb2,0xffecdeb2,0xffecdeb2,0xffecdeb2,0xffecdeb2,0xffecdeb2,0xffecdeb2,
0xffecdeb2,0xffecdeb2,0xffecdeb2,0xffecdeb2,0xffecdeb2,0xffecdeb2,0xffecdeb2,0xffecdeb2,0xffccb880,0xffecdeb2,0xffecdeb2,0xffecdeb2,
0xffdecc98,0xffecdeb2,0xffdecc98,0xffdecc98,0xffecdeb2,0xffecdeb2,0xffecdeb2,0xffecdeb2,0xffecdeb2,0xffecdeb2,0xffecdeb2,0xffecdeb2,
0xffecdeb2,0xffecdeb2,0xffecdeb2,0xffecdeb2,0xffecdeb2,0xffecdeb2,0xffecdeb2,0xffecdeb2,0xffecdeb2,0xffecdeb2,0xffecdeb2,0xffecdeb2,
0xffdecc98,0xffecdeb2,0xffecdeb2,0xffecdeb2,0xffecdeb2,0xffecdeb2,0xffdecc98,0xffecdeb2,0xffecdeb2,0xffecdeb2,0xffecdeb2,0xffecdeb2,
0xffecdeb2,0xffecdeb2,0xffecdeb2,0xffecdeb2,0xffecdeb2,0xffecdeb2,0xffecdeb2,0xffecdeb2,0xffecdeb2,0xffecdeb2,0xffdecc98,0xffecdeb2,
0xffdecc98,0xffecdeb2,0xffecdeb2,0xffecdeb2,0xffecdeb2,0xffecdeb2,0xffdecc98,0xffecdeb2,0xffecdeb2,0xffecdeb2,0xffecdeb2,0xffecdeb2,
0xffecdeb2,0xffecdeb2,0xffecdeb2,0xffecdeb2,0xffdecc98,0xffecdeb2,0xffecdeb2,0xffecdeb2,0xffecdeb2,0xffecdeb2,0xffecdeb2,0xffecdeb2,
0xffdecc98,0xffecdeb2,0xffdecc98,0xffecdeb2,0xffecdeb2,0xffecdeb2,0xffecdeb2,0xffecdeb2,0xffecdeb2,0xffecdeb2,0xffecdeb2,0xffecdeb2,
0xffecdeb2,0xffdecc98,0xffecdeb2,0xffecdeb2,0xffecdeb2,0xffecdeb2,0xffecdeb2,0xffccb880,0xffdecc98,0xffecdeb2,0xffecdeb2,0xffecdeb2,
0xffecdeb2,0xffecdeb2,0xffecdeb2,0xffecdeb2,0xffecdeb2,0xffecdeb2,0xffecdeb2,0xffecdeb2,0xffecdeb2,0xffecdeb2,0xffdecc98,0xffecdeb2,
0xffdecc98,0xffecdeb2,0xffecdeb2,0xffdecc98,0xffecdeb2,0xffecdeb2,0xffecdeb2,0xffecdeb2,0xffecdeb2,0xffecdeb2,0xffecdeb2,0xffecdeb2,
0xffecdeb2,0xffdecc98,0xffecdeb2,0xffdecc98,0xffecdeb2,0xffecdeb2,0xffecdeb2,0xffecdeb2,0xffecdeb2,0xffdecc98,0xffecdeb2,0xffecdeb2,
0xffecdeb2,0xffecdeb2,0xffdecc98,0xffecdeb2,0xffecdeb2,0xffecdeb2,0xffecdeb2,0xffecdeb2,0xffecdeb2,0xffdecc98,0xffecdeb2,0xffecdeb2,
0xffecdeb2,0xffecdeb2,0xffecdeb2,0xffecdeb2,0xffecdeb2,0xffecdeb2,0xffecdeb2,0xffdecc98,0xffecdeb2,0xffecdeb2,0xffecdeb2,0xffecdeb2,
0xffecdeb2,0xffecdeb2,0xffecdeb2,0xffecdeb2,0xffecdeb2,0xffecdeb2,0xffecdeb2,0xffecdeb2,0xffecdeb2,0xffecdeb2,0xffecdeb2,0xffecdeb2,
0xffecdeb2,0xffecdeb2,0xffecdeb2,0xffecdeb2,0xffecdeb2,0xffdecc98,0xffecdeb2,0xffecdeb2,0xffecdeb2,0xffecdeb2,0xffecdeb2,0xffecdeb2,
0xffecdeb2,0xffecdeb2,0xffecdeb2,0xffecdeb2,0xffecdeb2,0xffecdeb2,0xffecdeb2,0xffecdeb2,0xffecdeb2,0xffecdeb2,0xffecdeb2,0xffdecc98,
0xffecdeb2,0xffecdeb2,0xffecdeb2,0xffecdeb2,0xffecdeb2,0xffdecc98,0xffecdeb2,0xffdecc98,0xffecdeb2,0xffecdeb2,0xffecdeb2,0xffecdeb2,
0xffecdeb2,0xffdecc98,0xffecdeb2,0xffecdeb2,0xffdecc98,0xffdecc98,0xffdecc98,0xffecdeb2,0xffecdeb2,0xffecdeb2,0xffecdeb2,0xffecdeb2,
0xffecdeb2,0xffecdeb2,0xffdecc98,0xffdecc98,0xffecdeb2,0xffecdeb2,0xffccb880,0xffecdeb2,0xffecdeb2,0xffecdeb2,0xffecdeb2,0xffecdeb2,
0xffecdeb2,0xffecdeb2,0xffecdeb2,0xffecdeb2,0xffecdeb2,0xffecdeb2,0xffccb880,0xffecdeb2,0xffecdeb2,0xffecdeb2,0xffdecc98,0xffdecc98,
0xffecdeb2,0xffecdeb2,0xffdecc98,0xffecdeb2,0xffecdeb2,0xffecdeb2,0xffecdeb2,0xffecdeb2,0xffecdeb2,0xffecdeb2,0xffecdeb2,0xffecdeb2,
0xffdecc98,0xffecdeb2,0xffecdeb2,0xffecdeb2,0xffecdeb2,0xffecdeb2,0xffecdeb2,0xffccb880,0xffecdeb2,0xffecdeb2,0xffecdeb2,0xffecdeb2,
0xffecdeb2,0xffecdeb2,0xffecdeb2,0xffccb880,0xffecdeb2,0xffecdeb2,0xffecdeb2,0xffecdeb2,0xffecdeb2,0xffdecc98,0xffecdeb2,0xffdecc98,
0xffecdeb2,0xffecdeb2,0xffdecc98,0xffecdeb2,0xffecdeb2,0xffecdeb2,0xffecdeb2,0xffecdeb2,0xffecdeb2,0xffecdeb2,0xffecdeb2,0xffecdeb2,
0xffecdeb2,0xffecdeb2,0xffdecc98,0xffecdeb2,0xffecdeb2,0xffecdeb2,0xffecdeb2,0xffecdeb2,0xffdecc98,0xffecdeb2,0xffecdeb2,0xffccb880,
0xffecdeb2,0xffecdeb2,0xffecdeb2,0xffecdeb2,0xffdecc98,0xffecdeb2,0xffecdeb2,0xffdecc98,0xffecdeb2,0xffecdeb2,0xffecdeb2,0xffecdeb2,
0xffecdeb2,0xffecdeb2,0xffecdeb2,0xffdecc98,0xffecdeb2,0xffecdeb2,0xffecdeb2,0xffecdeb2,0xffdecc98,0xffecdeb2,0xffdecc98,0xffecdeb2,
0xffecdeb2,0xffecdeb2,0xffecdeb2,0xffecdeb2,0xffecdeb2,0xffdecc98,0xffecdeb2,0xffecdeb2,0xffecdeb2,0xffccb880,0xffecdeb2,0xffecdeb2,
0xffecdeb2,0xffecdeb2,0xffecdeb2,0xffecdeb2,0xffecdeb2,0xffecdeb2,0xffecdeb2,0xffdecc98,0xffecdeb2,0xffecdeb2,0xffecdeb2,0xffecdeb2,
0xffdecc98,0xffccb880,0xffecdeb2,0xffdecc98,0xffecdeb2,0xffdecc98,0xffecdeb2,0xffecdeb2,0xffecdeb2,0xffecdeb2,0xffecdeb2,0xffecdeb2,
0xffdecc98,0xffdecc98,0xffecdeb2,0xffecdeb2,0xffecdeb2,0xffecdeb2,0xffecdeb2,0xffecdeb2,0xffecdeb2,0xffccb880,0xffecdeb2,0xffecdeb2,
0xffecdeb2,0xffdecc98,0xffecdeb2,0xffecdeb2,0xffdecc98,0xffecdeb2,0xffccb880,0xffecdeb2,0xffecdeb2,0xffecdeb2,0xffecdeb2,0xffecdeb2,
0xffecdeb2,0xffecdeb2,0xffecdeb2,0xffecdeb2,0xffecdeb2,0xffecdeb2,0xffecdeb2,0xffdecc98,0xffdecc98,0xffecdeb2,0xffecdeb2,0xffecdeb2,
0xffccb880,0xffecdeb2,0xffdecc98,0xffecdeb2,0xffecdeb2,0xffecdeb2,0xffecdeb2,0xffecdeb2,0xffecdeb2,0xffdecc98,0xffecdeb2,0xffecdeb2,
0xffecdeb2,0xffecdeb2,0xffdecc98,0xffccb880,0xffecdeb2,0xffecdeb2,0xffecdeb2,0xffecdeb2,0xffecdeb2,0xffecdeb2,0xffecdeb2,0xffecdeb2,
0xffecdeb2,0xffecdeb2,0xffecdeb2,0xffecdeb2,0xffecdeb2,0xffecdeb2,0xffecdeb2,0xffecdeb2,0xffecdeb2,0xffecdeb2,0xffecdeb2,0xffccb880,
0xffecdeb2,0xffecdeb2,0xffecdeb2,0xffecdeb2,0xffecdeb2,0xffecdeb2,0xffecdeb2,0xffecdeb2,0xffecdeb2,0xffecdeb2,0xffecdeb2,0xffecdeb2,
0xffecdeb2,0xffecdeb2,0xffecdeb2,0xffecdeb2,0xffecdeb2,0xffecdeb2,0xffecdeb2,0xffecdeb2,0xffecdeb2,0xffccb880,0xffecdeb2,0xffecdeb2,
0xffecdeb2,0xffecdeb2,0xffecdeb2,0xffecdeb2,0xffecdeb2,0xffecdeb2,0xffecdeb2,0xffecdeb2,0xffecdeb2,0xffecdeb2,0xffecdeb2,0xffecdeb2,
0xffecdeb2,0xffecdeb2,0xffecdeb2,0xffecdeb2,0xffecdeb2,0xffdecc98,0xffecdeb2,0xffecdeb2,0xffecdeb2,0xffecdeb2,0xffecdeb2,0xffecdeb2,
0xffecdeb2,0xffecdeb2,0xffecdeb2,0xffecdeb2,0xffecdeb2,0xffecdeb2,0xffecdeb2,0xffecdeb2,0xffecdeb2,0xffecdeb2,0xffdecc98,0xffecdeb2,
0xffecdeb2,0xffecdeb2,0xffecdeb2,0xffecdeb2,0xffecdeb2,0xffecdeb2,0xffecdeb2,0xffecdeb2,0xffecdeb2,0xffecdeb2,0xffecdeb2,0xffecdeb2,
0xffecdeb2,0xffecdeb2,0xffecdeb2,0xffecdeb2,0xffdecc98,0xffecdeb2,0xffdecc98,0xffecdeb2,0xffecdeb2,0xffecdeb2,0xffecdeb2,0xffecdeb2,
0xffecdeb2,0xffdecc98,0xffdecc98,0xffecdeb2,0xffccb880,0xffdecc98,0xffecdeb2,0xffecdeb2,0xffecdeb2,0xffecdeb2,0xffecdeb2,0xffecdeb2,
0xffdecc98,0xffecdeb2,0xffecdeb2,0xffecdeb2,0xffecdeb2,0xffdecc98,0xffecdeb2,0xffecdeb2,0xffdecc98,0xffecdeb2,0xffdecc98,0xffecdeb2,
0xffecdeb2,0xffecdeb2,0xffdecc98,0xffecdeb2,0xffecdeb2,0xffdecc98,0xffecdeb2,0xffecdeb2,0xffecdeb2,0xffecdeb2,0xffdecc98,0xffecdeb2,
0xffecdeb2,0xffecdeb2,0xffecdeb2,0xffecdeb2,0xffecdeb2,0xffecdeb2,0xffecdeb2,0xffdecc98,0xffecdeb2,0xffecdeb2,0xffecdeb2,0xffecdeb2,
0xffecdeb2,0xffecdeb2,0xffecdeb2,0xffecdeb2,0xffecdeb2,0xffdecc98,0xffecdeb2,0xffecdeb2,0xffecdeb2,0xffecdeb2,0xffdecc98,0xffecdeb2,
0xffecdeb2,0xffecdeb2,0xffdecc98,0xffecdeb2,0xffdecc98,0xffecdeb2,0xffecdeb2,0xffdecc98,0xffecdeb2,0xffecdeb2,0xffecdeb2,0xffecdeb2,
0xffdecc98,0xffecdeb2,0xffecdeb2,0xffdecc98,0xffecdeb2,0xffecdeb2,0xffecdeb2,0xffecdeb2,0xffdecc98,0xffecdeb2,0xffecdeb2,0xffecdeb2,
0xffecdeb2,0xffecdeb2,0xffecdeb2,0xffecdeb2,0xffecdeb2,0xffecdeb2,0xffecdeb2,0xffecdeb2,0xffecdeb2,0xffecdeb2,0xffecdeb2,0xffecdeb2,
0xffecdeb2,0xffecdeb2,0xffecdeb2,0xffecdeb2,0xffecdeb2,0xffecdeb2,0xffecdeb2,0xffecdeb2,0xffecdeb2,0xffecdeb2,0xffecdeb2,0xffecdeb2,
0xffdecc98,0xffecdeb2,0xffecdeb2,0xffecdeb2,0xffecdeb2,0xffecdeb2,0xffecdeb2,0xffdecc98,0xffecdeb2,0xffecdeb2,0xffecdeb2,0xffdecc98,
0xffecdeb2,0xffecdeb2,0xffecdeb2,0xffecdeb2,0xffecdeb2,0xffecdeb2,0xffecdeb2,0xffecdeb2,0xffecdeb2,0xffecdeb2,0xffecdeb2,0xffecdeb2,
0xffecdeb2,0xffecdeb2,0xffecdeb2,0xffdecc98,0xffecdeb2,0xffecdeb2,0xffecdeb2,0xffecdeb2,0xffdecc98,0xffecdeb2,0xffecdeb2,0xffecdeb2,
0xffecdeb2,0xffecdeb2,0xffecdeb2,0xffecdeb2,0xffecdeb2,0xffecdeb2,0xffecdeb2,0xffecdeb2,0xffecdeb2,0xffecdeb2,0xffecdeb2,0xffecdeb2,
0xffecdeb2,0xffecdeb2,0xffdecc98,0xffecdeb2,0xffecdeb2,0xffecdeb2,0xffecdeb2,0xffecdeb2,0xffecdeb2,0xffecdeb2,0xffecdeb2,0xffecdeb2,
0xffecdeb2,0xffecdeb2,0xffdecc98,0xffecdeb2,0xffecdeb2,0xffecdeb2,0xffecdeb2,0xffdecc98,0xffecdeb2,0xffecdeb2,0xffdecc98,0xffecdeb2,
0xffecdeb2,0xffecdeb2,0xffecdeb2,0xffecdeb2,0xffdecc98,0xffecdeb2,0xffecdeb2,0xffecdeb2,0xffecdeb2,0xffecdeb2,0xffecdeb2,0xffecdeb2,
0xffecdeb2,0xffecdeb2,0xffecdeb2,0xffecdeb2,0xffecdeb2,0xffecdeb2,0xffecdeb2,0xffecdeb2,0xffecdeb2,0xffecdeb2,0xffecdeb2,0xffecdeb2,
0xffecdeb2,0xffecdeb2,0xffdecc98,0xffecdeb2,0xffecdeb2,0xffccb880,0xffecdeb2,0xffecdeb2,0xffecdeb2,0xffecdeb2,0xffdecc98,0xffdecc98,
0xffecdeb2,0xffecdeb2,0xffdecc98,0xffecdeb2,0xffecdeb2,0xffecdeb2,0xffecdeb2,0xffecdeb2,0xffecdeb2,0xffecdeb2,0xffecdeb2,0xffecdeb2,
0xffecdeb2,0xffecdeb2,0xffecdeb2,0xffecdeb2,0xffecdeb2,0xffccb880,0xffdecc98,0xffdecc98,0xffecdeb2,0xffecdeb2,0xffccb880,0xffecdeb2,
0xffecdeb2,0xffecdeb2,0xffecdeb2,0xffecdeb2,0xffecdeb2,0xffecdeb2,0xffecdeb2,0xffecdeb2,0xffecdeb2,0xffecdeb2,0xffecdeb2,0xffecdeb2,
0xffecdeb2,0xffecdeb2,0xffecdeb2,0xffecdeb2,0xffecdeb2,0xffecdeb2,0xffecdeb2,0xffecdeb2,0xffecdeb2,0xffecdeb2,0xffecdeb2,0xffecdeb2,
0xffecdeb2,0xffecdeb2,0xffdecc98,0xffecdeb2,0xffecdeb2,0xffecdeb2,0xffdecc98,0xffdecc98,0xffecdeb2,0xffecdeb2,0xffecdeb2,0xffecdeb2,
0xffecdeb2,0xffdecc98,0xffecdeb2,0xffecdeb2,0xffecdeb2,0xffdecc98,0xffecdeb2,0xffdecc98,0xffdecc98,0xffecdeb2,0xffecdeb2,0xffecdeb2,
0xffdecc98,0xffecdeb2,0xffecdeb2,0xffecdeb2,0xffecdeb2,0xffecdeb2,0xffecdeb2,0xffdecc98,0xffecdeb2,0xffecdeb2,0xffecdeb2,0xffecdeb2,
0xffecdeb2,0xffecdeb2,0xffecdeb2,0xffecdeb2,0xffccb880,0xffecdeb2,0xffdecc98,0xffecdeb2,0xffecdeb2,0xffecdeb2,0xffecdeb2,0xffecdeb2,
0xffecdeb2,0xffecdeb2,0xffdecc98,0xffecdeb2,0xffecdeb2,0xffecdeb2,0xffecdeb2,0xffecdeb2,0xffecdeb2,0xffccb880,0xffecdeb2,0xffecdeb2,
0xffecdeb2,0xffecdeb2,0xffecdeb2,0xffecdeb2,0xffdecc98,0xffecdeb2,0xffecdeb2,0xffecdeb2,0xffecdeb2,0xffecdeb2,0xffecdeb2,0xffecdeb2,
0xffdecc98,0xffecdeb2,0xffecdeb2,0xffecdeb2,0xffecdeb2,0xffecdeb2,0xffecdeb2,0xffecdeb2,0xffecdeb2,0xffecdeb2,0xffecdeb2,0xffecdeb2,
0xffecdeb2,0xffecdeb2,0xffecdeb2,0xffecdeb2,0xffecdeb2,0xffecdeb2,0xffecdeb2,0xffecdeb2,0xffecdeb2,0xffecdeb2,0xffecdeb2,0xffdecc98,
0xffdecc98,0xffecdeb2,0xffecdeb2,0xffecdeb2,0xffecdeb2,0xffecdeb2,0xffecdeb2,0xffecdeb2,0xffecdeb2,0xffecdeb2,0xffecdeb2,0xffecdeb2,
0xffecdeb2,0xffecdeb2,0xffecdeb2,0xffecdeb2,0xffdecc98,0xffecdeb2,0xffecdeb2,0xffecdeb2,0xffecdeb2,0xffecdeb2,0xffecdeb2,0xffecdeb2,
0xffecdeb2,0xffecdeb2,0xffecdeb2,0xffecdeb2,0xffecdeb2,0xffccb880,0xffecdeb2,0xffecdeb2,0xffecdeb2,0xffecdeb2,0xffecdeb2,0xffecdeb2,
0xffecdeb2,0xffecdeb2,0xffecdeb2,0xffecdeb2,0xffecdeb2,0xffecdeb2,0xffecdeb2,0xffecdeb2,0xffecdeb2,0xffecdeb2,0xffccb880,0xffecdeb2,
0xffecdeb2,0xffecdeb2,0xffecdeb2,0xffecdeb2,0xffecdeb2,0xffecdeb2,0xffecdeb2,0xffecdeb2,0xffecdeb2,0xffecdeb2,0xffecdeb2,0xffecdeb2,
0xffecdeb2,0xffdecc98,0xffecdeb2,0xffecdeb2,0xffecdeb2,0xffdecc98,0xffecdeb2,0xffecdeb2,0xffecdeb2,0xffecdeb2,0xffccb880,0xffecdeb2,
0xffecdeb2,0xffecdeb2,0xffecdeb2,0xffecdeb2,0xffecdeb2,0xffecdeb2,0xffecdeb2,0xffecdeb2,0xffecdeb2,0xffecdeb2,0xffecdeb2,0xffecdeb2,
0xffecdeb2,0xffecdeb2,0xffccb880,0xffecdeb2,0xffecdeb2,0xffecdeb2,0xffecdeb2,0xffecdeb2,0xffecdeb2,0xffecdeb2,0xffecdeb2,0xffecdeb2,
0xffecdeb2,0xffecdeb2,0xffecdeb2,0xffecdeb2,0xffecdeb2,0xffecdeb2,0xffecdeb2,0xffdecc98,0xffecdeb2,0xffecdeb2,0xffecdeb2,0xffecdeb2,
0xffecdeb2,0xffecdeb2,0xffecdeb2,0xffecdeb2,0xffecdeb2,0xffecdeb2,0xffccb880,0xffecdeb2,0xffecdeb2,0xffccb880,0xffecdeb2,0xffecdeb2,
0xffecdeb2,0xffdecc98,0xffecdeb2,0xffecdeb2,0xffecdeb2,0xffdecc98,0xffecdeb2,0xffecdeb2,0xffecdeb2,0xffecdeb2,0xffecdeb2,0xffecdeb2,
0xffecdeb2,0xffecdeb2,0xffecdeb2,0xffecdeb2,0xffecdeb2,0xffecdeb2,0xffecdeb2,0xffecdeb2,0xffecdeb2,0xffecdeb2,0xffecdeb2,0xffecdeb2,
0xffecdeb2,0xffecdeb2,0xffecdeb2,0xffccb880,0xffecdeb2,0xffecdeb2,0xffecdeb2,0xffdecc98,0xffdecc98,0xffecdeb2,0xffecdeb2,0xffecdeb2,
0xffecdeb2,0xffecdeb2,0xffecdeb2,0xffecdeb2,0xffecdeb2,0xffecdeb2,0xffecdeb2,0xffecdeb2,0xffecdeb2,0xffdecc98,0xffecdeb2,0xffccb880,
0xffecdeb2,0xffecdeb2,0xffecdeb2,0xffecdeb2,0xffecdeb2,0xffdecc98,0xffecdeb2,0xffecdeb2,0xffecdeb2,0xffecdeb2,0xffecdeb2,0xffecdeb2,
0xffdecc98,0xffecdeb2,0xffecdeb2,0xffecdeb2,0xffecdeb2,0xffecdeb2,0xffecdeb2,0xffecdeb2,0xffecdeb2,0xffecdeb2,0xffecdeb2,0xffecdeb2,
0xffdecc98,0xffdecc98,0xffecdeb2,0xffecdeb2,0xffdecc98,0xffecdeb2,0xffecdeb2,0xffecdeb2,0xffecdeb2,0xffdecc98,0xffecdeb2,0xffdecc98,
0xffecdeb2,0xffecdeb2,0xffecdeb2,0xffecdeb2,0xffecdeb2,0xffdecc98,0xffecdeb2,0xffecdeb2,0xffecdeb2,0xffecdeb2,0xffecdeb2,0xffdecc98,
0xffecdeb2,0xffecdeb2,0xffecdeb2,0xffecdeb2,0xffecdeb2,0xffecdeb2,0xffecdeb2,0xffecdeb2,0xffdecc98,0xffecdeb2,0xffecdeb2,0xffecdeb2,
0xffecdeb2,0xffecdeb2,0xffecdeb2,0xffdecc98,0xffecdeb2,0xffecdeb2,0xffecdeb2,0xffecdeb2,0xffecdeb2,0xffecdeb2,0xffecdeb2,0xffecdeb2,
0xffecdeb2,0xffecdeb2,0xffecdeb2,0xffecdeb2,0xffecdeb2,0xffecdeb2,0xffecdeb2,0xffecdeb2,0xffecdeb2,0xffecdeb2,0xffecdeb2,0xffecdeb2,
0xffdecc98,0xffdecc98,0xffecdeb2,0xffecdeb2,0xffecdeb2,0xffdecc98,0xffecdeb2,0xffecdeb2,0xffecdeb2,0xffecdeb2,0xffdecc98,0xffecdeb2,
0xffecdeb2,0xffecdeb2,0xffecdeb2,0xffecdeb2,0xffdecc98,0xffecdeb2,0xffecdeb2,0xffdecc98,0xffecdeb2,0xffdecc98,0xffdecc98,0xffecdeb2,
0xffecdeb2,0xffecdeb2,0xffecdeb2,0xffecdeb2,0xffecdeb2,0xffecdeb2,0xffecdeb2,0xffecdeb2,0xffecdeb2,0xffecdeb2,0xffdecc98,0xffecdeb2,
0xffecdeb2,0xffecdeb2,0xffecdeb2,0xffecdeb2,0xffecdeb2,0xffecdeb2,0xffecdeb2,0xffecdeb2,0xffecdeb2,0xffecdeb2,0xffecdeb2,0xffecdeb2,
0xffecdeb2,0xffdecc98,0xffecdeb2,0xffecdeb2,0xffdecc98,0xffecdeb2,0xffdecc98,0xffecdeb2,0xffdecc98,0xffecdeb2,0xffecdeb2,0xffccb880,
0xffdecc98,0xffecdeb2,0xffecdeb2,0xffecdeb2,0xffecdeb2,0xffecdeb2,0xffecdeb2,0xffecdeb2,0xffecdeb2,0xffecdeb2,0xffecdeb2,0xffecdeb2,
0xffecdeb2,0xffdecc98,0xffecdeb2,0xffdecc98,0xffecdeb2,0xffecdeb2,0xffdecc98,0xffecdeb2,0xffecdeb2,0xffecdeb2,0xffecdeb2,0xffecdeb2,
0xffecdeb2,0xffecdeb2,0xffecdeb2,0xffecdeb2,0xffecdeb2,0xffecdeb2,0xffecdeb2,0xffecdeb2,0xffecdeb2,0xffecdeb2,0xffecdeb2,0xffdecc98,
0xffecdeb2,0xffecdeb2,0xffecdeb2,0xffecdeb2,0xffecdeb2,0xffecdeb2,0xffecdeb2,0xffecdeb2,0xffecdeb2,0xffecdeb2,0xffecdeb2,0xffdecc98,
0xffecdeb2,0xffecdeb2,0xffecdeb2,0xffecdeb2,0xffdecc98,0xffdecc98,0xffecdeb2,0xffecdeb2,0xffdecc98,0xffecdeb2,0xffecdeb2,0xffecdeb2,
0xffecdeb2,0xffecdeb2,0xffecdeb2,0xffecdeb2,0xffecdeb2,0xffecdeb2,0xffecdeb2,0xffdecc98,0xffdecc98,0xffdecc98,0xffecdeb2,0xffccb880,
0xffecdeb2,0xffecdeb2,0xffecdeb2,0xffecdeb2,0xffecdeb2,0xffecdeb2,0xffecdeb2,0xffecdeb2,0xffdecc98,0xffecdeb2,0xffecdeb2,0xffecdeb2,
0xffecdeb2,0xffecdeb2,0xffecdeb2,0xffecdeb2,0xffecdeb2,0xffecdeb2,0xffecdeb2,0xffecdeb2,0xffecdeb2,0xffecdeb2,0xffecdeb2,0xffecdeb2,
0xffecdeb2,0xffecdeb2,0xffecdeb2,0xffccb880,0xffecdeb2,0xffecdeb2,0xffdecc98,0xffdecc98,0xffdecc98,0xffdecc98,0xffecdeb2,0xffecdeb2,
0xffdecc98,0xffecdeb2,0xffecdeb2,0xffecdeb2,0xffecdeb2,0xffecdeb2,0xffecdeb2,0xffecdeb2,0xffecdeb2,0xffecdeb2,0xffecdeb2,0xffecdeb2,
0xffecdeb2,0xffdecc98,0xffecdeb2,0xffecdeb2,0xffecdeb2,0xffecdeb2,0xffecdeb2,0xffecdeb2,0xffecdeb2,0xffdecc98,0xffdecc98,0xffecdeb2,
0xffecdeb2,0xffecdeb2,0xffecdeb2,0xffecdeb2,0xffdecc98,0xffecdeb2,0xffdecc98,0xffecdeb2,0xffdecc98,0xffecdeb2,0xffecdeb2,0xffecdeb2,
0xffecdeb2,0xffecdeb2,0xffecdeb2,0xffdecc98,0xffecdeb2,0xffecdeb2,0xffecdeb2,0xffecdeb2,0xffecdeb2,0xffdecc98,0xffecdeb2,0xffecdeb2,
0xffecdeb2,0xffecdeb2,0xffecdeb2,0xffecdeb2,0xffdecc98,0xffdecc98,0xffecdeb2,0xffdecc98,0xffecdeb2,0xffecdeb2,0xffecdeb2,0xffecdeb2,
0xffecdeb2,0xffecdeb2,0xffecdeb2,0xffecdeb2,0xffecdeb2,0xffecdeb2,0xffecdeb2,0xffecdeb2,0xffecdeb2,0xffecdeb2,0xffecdeb2,0xffecdeb2,
0xffecdeb2,0xffecdeb2,0xffecdeb2,0xffecdeb2,0xffecdeb2,0xffecdeb2,0xffecdeb2,0xffecdeb2,0xffecdeb2,0xffecdeb2,0xffecdeb2,0xffecdeb2,
0xffecdeb2,0xffecdeb2,0xffecdeb2,0xffecdeb2,0xffecdeb2,0xffecdeb2,0xffdecc98,0xffecdeb2,0xffecdeb2,0xffecdeb2,0xffecdeb2,0xffecdeb2,
0xffecdeb2,0xffecdeb2,0xffccb880,0xffecdeb2,0xffecdeb2,0xffecdeb2,0xffecdeb2,0xffecdeb2,0xffecdeb2,0xffecdeb2,0xffecdeb2,0xffecdeb2,
0xffecdeb2,0xffecdeb2,0xffecdeb2,0xffecdeb2,0xffecdeb2,0xffecdeb2,0xffecdeb2,0xffecdeb2,0xffecdeb2,0xffdecc98,0xffdecc98,0xffccb880,
0xffdecc98,0xffecdeb2,0xffecdeb2,0xffecdeb2,0xffecdeb2,0xffecdeb2,0xffecdeb2,0xffecdeb2,0xffecdeb2,0xffecdeb2,0xffdecc98,0xffecdeb2,
0xffecdeb2,0xffecdeb2,0xffdecc98,0xffecdeb2,0xffdecc98,0xffecdeb2,0xffecdeb2,0xffecdeb2,0xffecdeb2,0xffccb880,0xffecdeb2,0xffecdeb2,
0xffdecc98,0xffdecc98,0xffecdeb2,0xffecdeb2,0xffecdeb2,0xffecdeb2,0xffecdeb2,0xffecdeb2,0xffecdeb2,0xffccb880,0xffecdeb2,0xffecdeb2,
0xffecdeb2,0xffecdeb2,0xffecdeb2,0xffecdeb2,0xffecdeb2,0xffecdeb2,0xffecdeb2,0xffecdeb2,0xffecdeb2,0xffecdeb2,0xffecdeb2,0xffecdeb2,
0xffecdeb2,0xffdecc98,0xffecdeb2,0xffecdeb2,0xffecdeb2,0xffecdeb2,0xffecdeb2,0xffecdeb2,0xffecdeb2,0xffecdeb2,0xffecdeb2,0xffecdeb2,
0xffccb880,0xffecdeb2,0xffecdeb2,0xffecdeb2,0xffecdeb2,0xffecdeb2,0xffecdeb2,0xffecdeb2,0xffecdeb2,0xffecdeb2,0xffccb880,0xffecdeb2,
0xffecdeb2,0xffecdeb2,0xffecdeb2,0xffecdeb2,0xffecdeb2,0xffccb880,0xffecdeb2,0xffecdeb2,0xffdecc98,0xffdecc98,0xffdecc98,0xffdecc98,
0xffecdeb2,0xffecdeb2,0xffecdeb2,0xffecdeb2,0xffecdeb2,0xffecdeb2,0xffecdeb2,0xffecdeb2,0xffccb880,0xffecdeb2,0xffecdeb2,0xffecdeb2,
0xffecdeb2,0xffecdeb2,0xffecdeb2,0xffecdeb2,0xffecdeb2,0xffecdeb2,0xffdecc98,0xffecdeb2,0xffecdeb2,0xffecdeb2,0xffecdeb2,0xffecdeb2,
0xffdecc98,0xffecdeb2,0xffecdeb2,0xffecdeb2,0xffecdeb2,0xffecdeb2,0xffdecc98,0xffecdeb2,0xffecdeb2,0xffecdeb2,0xffecdeb2,0xffecdeb2,
0xffecdeb2,0xffdecc98,0xffdecc98,0xffecdeb2,0xffecdeb2,0xffecdeb2,0xffecdeb2,0xffecdeb2,0xffecdeb2,0xffecdeb2,0xffecdeb2,0xffecdeb2,
0xffecdeb2,0xffecdeb2,0xffecdeb2,0xffecdeb2,0xffecdeb2,0xffecdeb2,0xffecdeb2,0xffdecc98,0xffecdeb2,0xffecdeb2,0xffecdeb2,0xffecdeb2,
0xffecdeb2,0xffdecc98,0xffecdeb2,0xffecdeb2,0xffecdeb2,0xffecdeb2,0xffdecc98,0xffecdeb2,0xffecdeb2,0xffecdeb2,0xffdecc98,0xffecdeb2,
0xffecdeb2,0xffecdeb2,0xffdecc98,0xffecdeb2,0xffdecc98,0xffecdeb2,0xffecdeb2,0xffecdeb2,0xffecdeb2,0xffecdeb2,0xffecdeb2,0xffecdeb2,
0xffecdeb2,0xffecdeb2,0xffecdeb2,0xffecdeb2,0xffecdeb2,0xffecdeb2,0xffecdeb2,0xffecdeb2,0xffecdeb2,0xffecdeb2,0xffecdeb2,0xffecdeb2,
0xffecdeb2,0xffdecc98,0xffecdeb2,0xffecdeb2,0xffdecc98,0xffdecc98,0xffecdeb2,0xffecdeb2,0xffdecc98,0xffecdeb2,0xffecdeb2,0xffecdeb2,
0xffccb880,0xffdecc98,0xffecdeb2,0xffdecc98,0xffecdeb2,0xffecdeb2,0xffecdeb2,0xffecdeb2,0xffecdeb2,0xffdecc98,0xffecdeb2,0xffdecc98,
0xffecdeb2,0xffecdeb2,0xffdecc98,0xffecdeb2,0xffecdeb2,0xffecdeb2,0xffecdeb2,0xffecdeb2,0xffecdeb2,0xffecdeb2,0xffecdeb2,0xffecdeb2,
0xffecdeb2,0xffecdeb2,0xffecdeb2,0xffecdeb2,0xffdecc98,0xffecdeb2,0xffecdeb2,0xffecdeb2,0xffecdeb2,0xffdecc98,0xffecdeb2,0xffdecc98,
0xffecdeb2,0xffdecc98,0xffecdeb2,0xffecdeb2,0xffecdeb2,0xffecdeb2,0xffecdeb2,0xffecdeb2,0xffdecc98,0xffecdeb2,0xffecdeb2,0xffdecc98,
0xffecdeb2,0xffecdeb2,0xffecdeb2,0xffdecc98,0xffecdeb2,0xffecdeb2,0xffdecc98,0xffecdeb2,0xffecdeb2,0xffecdeb2,0xffdecc98,0xffecdeb2,
0xffecdeb2,0xffecdeb2,0xffdecc98,0xffdecc98,0xffecdeb2,0xffecdeb2,0xffecdeb2,0xffecdeb2,0xffecdeb2,0xffecdeb2,0xffecdeb2,0xffecdeb2,
0xffecdeb2,0xffdecc98,0xffecdeb2,0xffecdeb2,0xffdecc98,0xffecdeb2,0xffecdeb2,0xffecdeb2,0xffecdeb2,0xffecdeb2,0xffecdeb2,0xffecdeb2,
0xffecdeb2,0xffecdeb2,0xffecdeb2,0xffecdeb2,0xffecdeb2,0xffdecc98,0xffecdeb2,0xffecdeb2,0xffecdeb2,0xffecdeb2,0xffecdeb2,0xffecdeb2,
0xffecdeb2,0xffecdeb2,0xffecdeb2,0xffecdeb2,0xffdecc98,0xffecdeb2,0xffdecc98,0xffecdeb2,0xffecdeb2,0xffccb880,0xffecdeb2,0xffdecc98,
0xffecdeb2,0xffecdeb2,0xffecdeb2,0xffdecc98,0xffdecc98,0xffecdeb2,0xffecdeb2,0xffecdeb2,0xffecdeb2,0xffdecc98,0xffecdeb2,0xffecdeb2,
0xffecdeb2,0xffecdeb2,0xffecdeb2,0xffecdeb2,0xffecdeb2,0xffdecc98,0xffecdeb2,0xffecdeb2,0xffecdeb2,0xffecdeb2,0xffecdeb2,0xffdecc98,
0xffecdeb2,0xffdecc98,0xffecdeb2,0xffecdeb2,0xffecdeb2,0xffecdeb2,0xffecdeb2,0xffdecc98,0xffecdeb2,0xffecdeb2,0xffecdeb2,0xffecdeb2,
0xffecdeb2,0xffecdeb2,0xffecdeb2,0xffecdeb2,0xffecdeb2,0xffecdeb2,0xffecdeb2,0xffecdeb2,0xffecdeb2,0xffecdeb2,0xffecdeb2,0xffecdeb2,
0xffdecc98,0xffecdeb2,0xffecdeb2,0xffdecc98,0xffdecc98,0xffdecc98,0xffecdeb2,0xffecdeb2,0xffecdeb2,0xffecdeb2,0xffecdeb2,0xffdecc98,
0xffecdeb2,0xffecdeb2,0xffecdeb2,0xffecdeb2,0xffecdeb2,0xffccb880,0xffecdeb2,0xffecdeb2,0xffecdeb2,0xffecdeb2,0xffecdeb2,0xffecdeb2,
0xffecdeb2,0xffecdeb2,0xffecdeb2,0xffecdeb2,0xffecdeb2,0xffecdeb2,0xffdecc98,0xffecdeb2,0xffecdeb2,0xffecdeb2,0xffecdeb2,0xffecdeb2,
0xffecdeb2,0xffecdeb2,0xffecdeb2,0xffecdeb2,0xffecdeb2,0xffecdeb2,0xffecdeb2,0xffecdeb2,0xffdecc98,0xffecdeb2,0xffecdeb2,0xffecdeb2,
0xffecdeb2,0xffecdeb2,0xffecdeb2,0xffecdeb2,0xffecdeb2,0xffecdeb2,0xffecdeb2,0xffdecc98,0xffecdeb2,0xffdecc98,0xffecdeb2,0xffecdeb2,
0xffecdeb2,0xffecdeb2,0xffecdeb2,0xffecdeb2,0xffecdeb2,0xffecdeb2,0xffecdeb2,0xffecdeb2,0xffecdeb2,0xffdecc98,0xffecdeb2,0xffecdeb2,
0xffdecc98,0xffdecc98,0xffecdeb2,0xffecdeb2,0xffecdeb2,0xffecdeb2,0xffecdeb2,0xffecdeb2,0xffecdeb2,0xffecdeb2,0xffecdeb2,0xffecdeb2,
0xffecdeb2,0xffecdeb2,0xffecdeb2,0xffecdeb2,0xffecdeb2,0xffecdeb2,0xffecdeb2,0xffecdeb2,0xffecdeb2,0xffdecc98,0xffecdeb2,0xffecdeb2,
0xffecdeb2,0xffecdeb2,0xffecdeb2,0xffecdeb2,0xffecdeb2,0xffecdeb2,0xffecdeb2,0xffecdeb2,0xffecdeb2,0xffecdeb2,0xffecdeb2,0xffecdeb2,
0xffecdeb2,0xffecdeb2,0xffecdeb2,0xffecdeb2,0xffecdeb2,0xffecdeb2,0xffecdeb2,0xffecdeb2,0xffecdeb2,0xffecdeb2,0xffecdeb2,0xffdecc98,
0xffecdeb2,0xffecdeb2,0xffecdeb2,0xffecdeb2,0xffecdeb2,0xffecdeb2,0xffdecc98,0xffecdeb2,0xffecdeb2,0xffecdeb2,0xffecdeb2,0xffecdeb2,
0xffecdeb2,0xffecdeb2,0xffdecc98,0xffdecc98,0xffecdeb2,0xffecdeb2,0xffecdeb2,0xffecdeb2,0xffdecc98,0xffdecc98,0xffecdeb2,0xffecdeb2,
0xffecdeb2,0xffecdeb2,0xffecdeb2,0xffecdeb2,0xffecdeb2,0xffecdeb2,0xffecdeb2,0xffdecc98,0xffecdeb2,0xffecdeb2,0xffecdeb2,0xffecdeb2,
0xffccb880,0xffecdeb2,0xffecdeb2,0xffecdeb2,0xffecdeb2,0xffecdeb2,0xffecdeb2,0xffecdeb2,0xffecdeb2,0xffecdeb2,0xffecdeb2,0xffecdeb2,
0xffecdeb2,0xffecdeb2,0xffecdeb2,0xffdecc98,0xffecdeb2,0xffecdeb2,0xffecdeb2,0xffecdeb2,0xffecdeb2,0xffecdeb2,0xffecdeb2,0xffecdeb2,
0xffecdeb2,0xffecdeb2,0xffecdeb2,0xffecdeb2,0xffecdeb2,0xffecdeb2,0xffecdeb2,0xffecdeb2,0xffecdeb2,0xffecdeb2,0xffdecc98,0xffecdeb2,
0xffecdeb2,0xffecdeb2,0xffecdeb2,0xffecdeb2,0xffecdeb2,0xffecdeb2,0xffecdeb2,0xffecdeb2,0xffecdeb2,0xffecdeb2,0xffecdeb2,0xffecdeb2,
0xffecdeb2,0xffecdeb2,0xffecdeb2,0xffecdeb2,0xffecdeb2,0xffecdeb2,0xffecdeb2,0xffecdeb2,0xffdecc98,0xffecdeb2,0xffecdeb2,0xffdecc98,
0xffecdeb2,0xffecdeb2,0xffecdeb2,0xffecdeb2,0xffecdeb2,0xffecdeb2,0xffdecc98,0xffdecc98,0xffecdeb2,0xffecdeb2,0xffecdeb2,0xffccb880,
0xffecdeb2,0xffecdeb2,0xffecdeb2,0xffecdeb2,0xffecdeb2,0xffecdeb2,0xffccb880,0xffecdeb2,0xffecdeb2,0xffecdeb2,0xffecdeb2,0xffecdeb2,
0xffecdeb2,0xffecdeb2,0xffecdeb2,0xffccb880,0xffecdeb2,0xffecdeb2,0xffdecc98,0xffdecc98,0xffecdeb2,0xffecdeb2,0xffecdeb2,0xffecdeb2,
0xffecdeb2,0xffecdeb2,0xffecdeb2,0xffecdeb2,0xffecdeb2,0xffecdeb2,0xffecdeb2,0xffecdeb2,0xffecdeb2,0xffecdeb2,0xffdecc98,0xffecdeb2,
0xffecdeb2,0xffecdeb2,0xffecdeb2,0xffecdeb2,0xffecdeb2,0xffecdeb2,0xffecdeb2,0xffecdeb2,0xffecdeb2,0xffecdeb2,0xffecdeb2,0xffecdeb2,
0xffecdeb2,0xffecdeb2,0xffecdeb2,0xffecdeb2,0xffecdeb2,0xffecdeb2,0xffecdeb2,0xffecdeb2,0xffecdeb2,0xffecdeb2,0xffecdeb2,0xffecdeb2,
0xffecdeb2,0xffccb880,0xffecdeb2,0xffecdeb2,0xffecdeb2,0xffecdeb2,0xffecdeb2,0xffecdeb2,0xffecdeb2,0xffecdeb2,0xffecdeb2,0xffecdeb2,
0xffdecc98,0xffecdeb2,0xffecdeb2,0xffecdeb2,0xffecdeb2,0xffdecc98,0xffecdeb2,0xffecdeb2,0xffecdeb2,0xffecdeb2,0xffdecc98,0xffecdeb2,
0xffecdeb2,0xffccb880,0xffecdeb2,0xffecdeb2,0xffecdeb2,0xffecdeb2,0xffecdeb2,0xffecdeb2,0xffdecc98,0xffecdeb2,0xffecdeb2,0xffecdeb2,
0xffecdeb2,0xffecdeb2,0xffecdeb2,0xffecdeb2,0xffecdeb2,0xffecdeb2,0xffecdeb2,0xffecdeb2,0xffecdeb2,0xffecdeb2,0xffecdeb2,0xffecdeb2,
0xffecdeb2,0xffecdeb2,0xffecdeb2,0xffecdeb2,0xffecdeb2,0xffecdeb2,0xffecdeb2,0xffdecc98,0xffdecc98,0xffecdeb2,0xffecdeb2,0xffecdeb2,
0xffecdeb2,0xffecdeb2,0xffecdeb2,0xffdecc98,0xffecdeb2,0xffecdeb2,0xffecdeb2,0xffdecc98,0xffdecc98,0xffdecc98,0xffdecc98,0xffecdeb2,
0xffecdeb2,0xffecdeb2,0xffecdeb2,0xffecdeb2,0xffecdeb2,0xffecdeb2,0xffdecc98,0xffecdeb2,0xffecdeb2,0xffecdeb2,0xffccb880,0xffccb880,
0xffecdeb2,0xffecdeb2,0xffecdeb2,0xffecdeb2,0xffecdeb2,0xffecdeb2,0xffecdeb2,0xffecdeb2,0xffecdeb2,0xffecdeb2,0xffecdeb2,0xffecdeb2,
0xffdecc98,0xffecdeb2,0xffecdeb2,0xffdecc98,0xffecdeb2,0xffecdeb2,0xffecdeb2,0xffecdeb2,0xffecdeb2,0xffecdeb2,0xffdecc98,0xffdecc98,
0xffecdeb2,0xffecdeb2,0xffecdeb2,0xffecdeb2,0xffccb880,0xffecdeb2,0xffccb880,0xffecdeb2,0xffecdeb2,0xffecdeb2,0xffdecc98,0xffecdeb2,
0xffecdeb2,0xffecdeb2,0xffecdeb2,0xffecdeb2,0xffdecc98,0xffecdeb2,0xffecdeb2,0xffdecc98,0xffdecc98,0xffecdeb2,0xffecdeb2,0xffdecc98,
0xffecdeb2,0xffecdeb2,0xffecdeb2,0xffdecc98,0xffecdeb2,0xffecdeb2,0xffecdeb2,0xffecdeb2,0xffecdeb2,0xffecdeb2,0xffecdeb2,0xffecdeb2,
0xffdecc98,0xffecdeb2,0xffecdeb2,0xffecdeb2,0xffecdeb2,0xffecdeb2,0xffdecc98,0xffecdeb2,0xffccb880,0xffecdeb2,0xffecdeb2,0xffecdeb2,
0xffecdeb2,0xffecdeb2,0xffecdeb2,0xffecdeb2,0xffecdeb2,0xffecdeb2,0xffecdeb2,0xffecdeb2,0xffdecc98,0xffdecc98,0xffecdeb2,0xffecdeb2,
0xffecdeb2,0xffdecc98,0xffecdeb2,0xffdecc98,0xffdecc98,0xffecdeb2,0xffecdeb2,0xffecdeb2,0xffdecc98,0xffecdeb2,0xffecdeb2,0xffecdeb2,
0xffecdeb2,0xffecdeb2,0xffecdeb2,0xffecdeb2,0xffecdeb2,0xffecdeb2,0xffdecc98,0xffccb880,0xffecdeb2,0xffecdeb2,0xffecdeb2,0xffecdeb2,
0xffdecc98,0xffecdeb2,0xffecdeb2,0xffecdeb2,0xffdecc98,0xffecdeb2,0xffecdeb2,0xffecdeb2,0xffecdeb2,0xffecdeb2,0xffecdeb2,0xffecdeb2,
0xffecdeb2,0xffecdeb2,0xffecdeb2,0xffdecc98,0xffdecc98,0xffecdeb2,0xffecdeb2,0xffecdeb2,0xffecdeb2,0xffecdeb2,0xffecdeb2,0xffecdeb2,
0xffecdeb2,0xffdecc98,0xffecdeb2,0xffecdeb2,0xffecdeb2,0xffecdeb2,0xffecdeb2,0xffecdeb2,0xffecdeb2,0xffecdeb2,0xffecdeb2,0xffecdeb2,
0xffecdeb2,0xffdecc98,0xffecdeb2,0xffecdeb2,0xffecdeb2,0xffecdeb2,0xffecdeb2,0xffecdeb2,0xffecdeb2,0xffecdeb2,0xffecdeb2,0xffecdeb2,
0xffdecc98,0xffecdeb2,0xffecdeb2,0xffdecc98,0xffecdeb2,0xffecdeb2,0xffecdeb2,0xffecdeb2,0xffecdeb2,0xffecdeb2,0xffecdeb2,0xffecdeb2,
0xffecdeb2,0xffdecc98,0xffecdeb2,0xffdecc98,0xffecdeb2,0xffecdeb2,0xffecdeb2,0xffecdeb2,0xffecdeb2,0xffccb880,0xffecdeb2,0xffecdeb2,
0xffecdeb2,0xffecdeb2,0xffecdeb2,0xffecdeb2,0xffecdeb2,0xffecdeb2,0xffecdeb2,0xffecdeb2,0xffccb880,0xffecdeb2,0xffdecc98,0xffecdeb2,
0xffecdeb2,0xffdecc98,0xffecdeb2,0xffecdeb2,0xffecdeb2,0xffecdeb2,0xffecdeb2,0xffecdeb2,0xffecdeb2,0xffecdeb2,0xffecdeb2,0xffdecc98,
0xffdecc98,0xffdecc98,0xffecdeb2,0xffecdeb2,0xffecdeb2,0xffecdeb2,0xffecdeb2,0xffecdeb2,0xffecdeb2,0xffecdeb2,0xffecdeb2,0xffecdeb2,
0xffecdeb2,0xffecdeb2,0xffdecc98,0xffecdeb2,0xffecdeb2,0xffccb880,0xffdecc98,0xffecdeb2,0xffecdeb2,0xffecdeb2,0xffecdeb2,0xffecdeb2,
0xffecdeb2,0xffdecc98,0xffdecc98,0xffecdeb2,0xffecdeb2,0xffecdeb2,0xffecdeb2,0xffecdeb2,0xffecdeb2,0xffecdeb2,0xffecdeb2,0xffdecc98,
0xffecdeb2,0xffdecc98,0xffecdeb2,0xffecdeb2,0xffecdeb2,0xffecdeb2,0xffecdeb2,0xffecdeb2,0xffecdeb2,0xffecdeb2,0xffecdeb2,0xffecdeb2,
0xffecdeb2,0xffecdeb2,0xffecdeb2,0xffecdeb2
};

#define kSSTexStone_W 64
#define kSSTexStone_H 64
static const unsigned int kSSTexStone[4096] = {
0xff363c48,0xff363c48,0xff363c48,0xff363c48,0xff363c48,0xff363c48,0xff363c48,0xff363c48,0xff363c48,0xff363c48,0xff363c48,0xff363c48,
0xff363c48,0xff363c48,0xff363c48,0xff363c48,0xff363c48,0xff363c48,0xff363c48,0xff363c48,0xff363c48,0xff363c48,0xff363c48,0xff363c48,
0xff363c48,0xff363c48,0xff363c48,0xff363c48,0xff363c48,0xff363c48,0xff363c48,0xff363c48,0xff363c48,0xff363c48,0xff363c48,0xff363c48,
0xff363c48,0xff363c48,0xff363c48,0xff363c48,0xff363c48,0xff363c48,0xff363c48,0xff363c48,0xff363c48,0xff363c48,0xff363c48,0xff363c48,
0xff363c48,0xff363c48,0xff363c48,0xff363c48,0xff363c48,0xff363c48,0xff363c48,0xff363c48,0xff363c48,0xff363c48,0xff363c48,0xff363c48,
0xff363c48,0xff363c48,0xff363c48,0xff363c48,0xff363c48,0xff747c8c,0xff747c8c,0xff747c8c,0xff747c8c,0xff747c8c,0xff747c8c,0xff747c8c,
0xff747c8c,0xff747c8c,0xff747c8c,0xff747c8c,0xff747c8c,0xff747c8c,0xff747c8c,0xff747c8c,0xff747c8c,0xff747c8c,0xff747c8c,0xff747c8c,
0xff747c8c,0xff747c8c,0xff747c8c,0xff747c8c,0xff747c8c,0xff747c8c,0xff747c8c,0xff747c8c,0xff747c8c,0xff747c8c,0xff747c8c,0xff747c8c,
0xff363c48,0xff747c8c,0xff747c8c,0xff747c8c,0xff747c8c,0xff747c8c,0xff747c8c,0xff747c8c,0xff747c8c,0xff747c8c,0xff747c8c,0xff747c8c,
0xff747c8c,0xff747c8c,0xff747c8c,0xff747c8c,0xff747c8c,0xff747c8c,0xff747c8c,0xff747c8c,0xff747c8c,0xff747c8c,0xff747c8c,0xff747c8c,
0xff747c8c,0xff747c8c,0xff747c8c,0xff747c8c,0xff747c8c,0xff747c8c,0xff747c8c,0xff747c8c,0xff363c48,0xff747c8c,0xff5c6474,0xff5c6474,
0xff5c6474,0xff5c6474,0xff464e5c,0xff5c6474,0xff5c6474,0xff5c6474,0xff464e5c,0xff5c6474,0xff5c6474,0xff464e5c,0xff5c6474,0xff5c6474,
0xff5c6474,0xff5c6474,0xff5c6474,0xff464e5c,0xff5c6474,0xff5c6474,0xff5c6474,0xff5c6474,0xff5c6474,0xff5c6474,0xff5c6474,0xff5c6474,
0xff5c6474,0xff5c6474,0xff5c6474,0xff464e5c,0xff363c48,0xff747c8c,0xff5c6474,0xff5c6474,0xff5c6474,0xff5c6474,0xff5c6474,0xff5c6474,
0xff5c6474,0xff5c6474,0xff5c6474,0xff5c6474,0xff5c6474,0xff5c6474,0xff5c6474,0xff5c6474,0xff5c6474,0xff5c6474,0xff5c6474,0xff5c6474,
0xff5c6474,0xff5c6474,0xff5c6474,0xff5c6474,0xff5c6474,0xff5c6474,0xff5c6474,0xff464e5c,0xff5c6474,0xff5c6474,0xff5c6474,0xff464e5c,
0xff363c48,0xff747c8c,0xff5c6474,0xff5c6474,0xff5c6474,0xff5c6474,0xff5c6474,0xff5c6474,0xff5c6474,0xff5c6474,0xff5c6474,0xff5c6474,
0xff5c6474,0xff5c6474,0xff5c6474,0xff5c6474,0xff5c6474,0xff5c6474,0xff5c6474,0xff5c6474,0xff5c6474,0xff5c6474,0xff5c6474,0xff5c6474,
0xff5c6474,0xff5c6474,0xff5c6474,0xff5c6474,0xff464e5c,0xff5c6474,0xff5c6474,0xff464e5c,0xff363c48,0xff747c8c,0xff5c6474,0xff5c6474,
0xff5c6474,0xff5c6474,0xff5c6474,0xff5c6474,0xff5c6474,0xff5c6474,0xff5c6474,0xff5c6474,0xff5c6474,0xff5c6474,0xff5c6474,0xff5c6474,
0xff5c6474,0xff5c6474,0xff5c6474,0xff5c6474,0xff5c6474,0xff464e5c,0xff5c6474,0xff5c6474,0xff5c6474,0xff5c6474,0xff5c6474,0xff5c6474,
0xff5c6474,0xff5c6474,0xff5c6474,0xff464e5c,0xff363c48,0xff747c8c,0xff5c6474,0xff5c6474,0xff5c6474,0xff5c6474,0xff5c6474,0xff5c6474,
0xff5c6474,0xff5c6474,0xff5c6474,0xff5c6474,0xff5c6474,0xff5c6474,0xff5c6474,0xff5c6474,0xff5c6474,0xff5c6474,0xff5c6474,0xff5c6474,
0xff5c6474,0xff5c6474,0xff5c6474,0xff5c6474,0xff5c6474,0xff5c6474,0xff5c6474,0xff5c6474,0xff5c6474,0xff5c6474,0xff5c6474,0xff464e5c,
0xff363c48,0xff747c8c,0xff5c6474,0xff5c6474,0xff5c6474,0xff464e5c,0xff5c6474,0xff5c6474,0xff5c6474,0xff5c6474,0xff5c6474,0xff5c6474,
0xff5c6474,0xff5c6474,0xff5c6474,0xff5c6474,0xff5c6474,0xff5c6474,0xff5c6474,0xff5c6474,0xff5c6474,0xff5c6474,0xff5c6474,0xff5c6474,
0xff5c6474,0xff5c6474,0xff5c6474,0xff5c6474,0xff5c6474,0xff5c6474,0xff5c6474,0xff464e5c,0xff363c48,0xff747c8c,0xff5c6474,0xff5c6474,
0xff5c6474,0xff5c6474,0xff5c6474,0xff5c6474,0xff5c6474,0xff5c6474,0xff5c6474,0xff5c6474,0xff5c6474,0xff5c6474,0xff5c6474,0xff5c6474,
0xff5c6474,0xff5c6474,0xff5c6474,0xff5c6474,0xff5c6474,0xff5c6474,0xff5c6474,0xff5c6474,0xff5c6474,0xff5c6474,0xff5c6474,0xff5c6474,
0xff5c6474,0xff5c6474,0xff5c6474,0xff464e5c,0xff363c48,0xff747c8c,0xff5c6474,0xff5c6474,0xff5c6474,0xff5c6474,0xff5c6474,0xff5c6474,
0xff5c6474,0xff5c6474,0xff5c6474,0xff5c6474,0xff5c6474,0xff5c6474,0xff5c6474,0xff5c6474,0xff5c6474,0xff5c6474,0xff5c6474,0xff5c6474,
0xff5c6474,0xff5c6474,0xff5c6474,0xff5c6474,0xff5c6474,0xff5c6474,0xff5c6474,0xff5c6474,0xff5c6474,0xff5c6474,0xff5c6474,0xff464e5c,
0xff363c48,0xff747c8c,0xff5c6474,0xff5c6474,0xff5c6474,0xff5c6474,0xff464e5c,0xff5c6474,0xff5c6474,0xff5c6474,0xff5c6474,0xff5c6474,
0xff5c6474,0xff5c6474,0xff5c6474,0xff5c6474,0xff5c6474,0xff5c6474,0xff5c6474,0xff5c6474,0xff5c6474,0xff5c6474,0xff5c6474,0xff5c6474,
0xff5c6474,0xff5c6474,0xff5c6474,0xff5c6474,0xff5c6474,0xff5c6474,0xff5c6474,0xff464e5c,0xff363c48,0xff747c8c,0xff5c6474,0xff5c6474,
0xff5c6474,0xff5c6474,0xff5c6474,0xff5c6474,0xff5c6474,0xff5c6474,0xff5c6474,0xff5c6474,0xff464e5c,0xff5c6474,0xff5c6474,0xff5c6474,
0xff5c6474,0xff5c6474,0xff5c6474,0xff5c6474,0xff5c6474,0xff5c6474,0xff5c6474,0xff5c6474,0xff5c6474,0xff5c6474,0xff5c6474,0xff5c6474,
0xff5c6474,0xff464e5c,0xff5c6474,0xff464e5c,0xff363c48,0xff747c8c,0xff5c6474,0xff5c6474,0xff5c6474,0xff5c6474,0xff5c6474,0xff5c6474,
0xff5c6474,0xff5c6474,0xff5c6474,0xff5c6474,0xff5c6474,0xff5c6474,0xff5c6474,0xff5c6474,0xff5c6474,0xff5c6474,0xff5c6474,0xff5c6474,
0xff5c6474,0xff5c6474,0xff5c6474,0xff5c6474,0xff5c6474,0xff5c6474,0xff5c6474,0xff5c6474,0xff5c6474,0xff5c6474,0xff5c6474,0xff464e5c,
0xff363c48,0xff747c8c,0xff5c6474,0xff5c6474,0xff5c6474,0xff5c6474,0xff5c6474,0xff5c6474,0xff5c6474,0xff5c6474,0xff5c6474,0xff5c6474,
0xff5c6474,0xff5c6474,0xff5c6474,0xff464e5c,0xff5c6474,0xff5c6474,0xff464e5c,0xff5c6474,0xff5c6474,0xff5c6474,0xff5c6474,0xff5c6474,
0xff5c6474,0xff5c6474,0xff5c6474,0xff5c6474,0xff5c6474,0xff5c6474,0xff5c6474,0xff464e5c,0xff363c48,0xff747c8c,0xff5c6474,0xff5c6474,
0xff5c6474,0xff5c6474,0xff5c6474,0xff5c6474,0xff464e5c,0xff5c6474,0xff5c6474,0xff5c6474,0xff5c6474,0xff5c6474,0xff5c6474,0xff5c6474,
0xff5c6474,0xff5c6474,0xff5c6474,0xff5c6474,0xff5c6474,0xff5c6474,0xff5c6474,0xff5c6474,0xff5c6474,0xff5c6474,0xff5c6474,0xff5c6474,
0xff5c6474,0xff5c6474,0xff5c6474,0xff464e5c,0xff363c48,0xff747c8c,0xff5c6474,0xff5c6474,0xff5c6474,0xff5c6474,0xff5c6474,0xff5c6474,
0xff5c6474,0xff5c6474,0xff5c6474,0xff5c6474,0xff5c6474,0xff5c6474,0xff5c6474,0xff5c6474,0xff464e5c,0xff5c6474,0xff5c6474,0xff5c6474,
0xff5c6474,0xff5c6474,0xff5c6474,0xff5c6474,0xff5c6474,0xff5c6474,0xff5c6474,0xff5c6474,0xff5c6474,0xff5c6474,0xff5c6474,0xff464e5c,
0xff363c48,0xff747c8c,0xff5c6474,0xff5c6474,0xff464e5c,0xff5c6474,0xff5c6474,0xff5c6474,0xff5c6474,0xff5c6474,0xff5c6474,0xff5c6474,
0xff5c6474,0xff5c6474,0xff5c6474,0xff5c6474,0xff5c6474,0xff5c6474,0xff5c6474,0xff5c6474,0xff5c6474,0xff5c6474,0xff5c6474,0xff5c6474,
0xff5c6474,0xff5c6474,0xff5c6474,0xff5c6474,0xff5c6474,0xff5c6474,0xff5c6474,0xff464e5c,0xff363c48,0xff747c8c,0xff5c6474,0xff5c6474,
0xff5c6474,0xff5c6474,0xff5c6474,0xff464e5c,0xff5c6474,0xff5c6474,0xff5c6474,0xff5c6474,0xff5c6474,0xff5c6474,0xff5c6474,0xff464e5c,
0xff5c6474,0xff5c6474,0xff5c6474,0xff5c6474,0xff5c6474,0xff5c6474,0xff5c6474,0xff5c6474,0xff464e5c,0xff5c6474,0xff5c6474,0xff5c6474,
0xff5c6474,0xff5c6474,0xff5c6474,0xff464e5c,0xff363c48,0xff747c8c,0xff5c6474,0xff5c6474,0xff5c6474,0xff5c6474,0xff5c6474,0xff5c6474,
0xff5c6474,0xff5c6474,0xff464e5c,0xff464e5c,0xff5c6474,0xff5c6474,0xff5c6474,0xff5c6474,0xff5c6474,0xff5c6474,0xff5c6474,0xff5c6474,
0xff5c6474,0xff5c6474,0xff5c6474,0xff5c6474,0xff5c6474,0xff5c6474,0xff5c6474,0xff5c6474,0xff5c6474,0xff5c6474,0xff5c6474,0xff464e5c,
0xff363c48,0xff747c8c,0xff5c6474,0xff5c6474,0xff5c6474,0xff5c6474,0xff5c6474,0xff5c6474,0xff5c6474,0xff5c6474,0xff5c6474,0xff5c6474,
0xff5c6474,0xff5c6474,0xff5c6474,0xff5c6474,0xff5c6474,0xff5c6474,0xff5c6474,0xff5c6474,0xff5c6474,0xff5c6474,0xff5c6474,0xff5c6474,
0xff5c6474,0xff464e5c,0xff5c6474,0xff5c6474,0xff5c6474,0xff5c6474,0xff5c6474,0xff464e5c,0xff363c48,0xff747c8c,0xff5c6474,0xff5c6474,
0xff5c6474,0xff5c6474,0xff5c6474,0xff5c6474,0xff5c6474,0xff5c6474,0xff5c6474,0xff5c6474,0xff5c6474,0xff5c6474,0xff5c6474,0xff464e5c,
0xff5c6474,0xff5c6474,0xff5c6474,0xff5c6474,0xff5c6474,0xff5c6474,0xff5c6474,0xff5c6474,0xff5c6474,0xff5c6474,0xff5c6474,0xff5c6474,
0xff5c6474,0xff5c6474,0xff5c6474,0xff464e5c,0xff363c48,0xff747c8c,0xff5c6474,0xff5c6474,0xff5c6474,0xff5c6474,0xff5c6474,0xff5c6474,
0xff5c6474,0xff5c6474,0xff5c6474,0xff5c6474,0xff5c6474,0xff5c6474,0xff5c6474,0xff5c6474,0xff5c6474,0xff5c6474,0xff5c6474,0xff5c6474,
0xff5c6474,0xff5c6474,0xff5c6474,0xff5c6474,0xff5c6474,0xff5c6474,0xff5c6474,0xff5c6474,0xff5c6474,0xff5c6474,0xff5c6474,0xff464e5c,
0xff363c48,0xff747c8c,0xff5c6474,0xff5c6474,0xff5c6474,0xff5c6474,0xff5c6474,0xff5c6474,0xff5c6474,0xff5c6474,0xff5c6474,0xff5c6474,
0xff5c6474,0xff5c6474,0xff5c6474,0xff5c6474,0xff5c6474,0xff5c6474,0xff5c6474,0xff5c6474,0xff5c6474,0xff5c6474,0xff5c6474,0xff5c6474,
0xff5c6474,0xff5c6474,0xff5c6474,0xff5c6474,0xff5c6474,0xff5c6474,0xff5c6474,0xff464e5c,0xff363c48,0xff747c8c,0xff5c6474,0xff5c6474,
0xff5c6474,0xff5c6474,0xff5c6474,0xff5c6474,0xff5c6474,0xff5c6474,0xff5c6474,0xff5c6474,0xff5c6474,0xff5c6474,0xff5c6474,0xff5c6474,
0xff5c6474,0xff5c6474,0xff5c6474,0xff464e5c,0xff464e5c,0xff5c6474,0xff464e5c,0xff5c6474,0xff5c6474,0xff5c6474,0xff5c6474,0xff5c6474,
0xff5c6474,0xff5c6474,0xff5c6474,0xff464e5c,0xff363c48,0xff747c8c,0xff5c6474,0xff5c6474,0xff5c6474,0xff5c6474,0xff5c6474,0xff5c6474,
0xff5c6474,0xff5c6474,0xff464e5c,0xff5c6474,0xff5c6474,0xff5c6474,0xff5c6474,0xff5c6474,0xff5c6474,0xff5c6474,0xff5c6474,0xff5c6474,
0xff5c6474,0xff5c6474,0xff5c6474,0xff5c6474,0xff5c6474,0xff5c6474,0xff5c6474,0xff5c6474,0xff5c6474,0xff464e5c,0xff5c6474,0xff464e5c,
0xff363c48,0xff747c8c,0xff5c6474,0xff5c6474,0xff5c6474,0xff5c6474,0xff5c6474,0xff5c6474,0xff5c6474,0xff5c6474,0xff5c6474,0xff5c6474,
0xff5c6474,0xff5c6474,0xff5c6474,0xff464e5c,0xff5c6474,0xff5c6474,0xff5c6474,0xff5c6474,0xff5c6474,0xff5c6474,0xff5c6474,0xff464e5c,
0xff5c6474,0xff5c6474,0xff5c6474,0xff5c6474,0xff5c6474,0xff5c6474,0xff5c6474,0xff464e5c,0xff363c48,0xff747c8c,0xff5c6474,0xff5c6474,
0xff5c6474,0xff5c6474,0xff5c6474,0xff5c6474,0xff5c6474,0xff5c6474,0xff5c6474,0xff464e5c,0xff5c6474,0xff5c6474,0xff5c6474,0xff5c6474,
0xff464e5c,0xff5c6474,0xff5c6474,0xff5c6474,0xff5c6474,0xff5c6474,0xff5c6474,0xff5c6474,0xff5c6474,0xff5c6474,0xff5c6474,0xff464e5c,
0xff464e5c,0xff5c6474,0xff5c6474,0xff464e5c,0xff363c48,0xff747c8c,0xff5c6474,0xff464e5c,0xff5c6474,0xff5c6474,0xff5c6474,0xff464e5c,
0xff464e5c,0xff5c6474,0xff5c6474,0xff5c6474,0xff5c6474,0xff5c6474,0xff5c6474,0xff5c6474,0xff464e5c,0xff5c6474,0xff5c6474,0xff5c6474,
0xff5c6474,0xff5c6474,0xff5c6474,0xff5c6474,0xff5c6474,0xff5c6474,0xff5c6474,0xff5c6474,0xff5c6474,0xff5c6474,0xff5c6474,0xff464e5c,
0xff363c48,0xff747c8c,0xff464e5c,0xff464e5c,0xff464e5c,0xff464e5c,0xff464e5c,0xff464e5c,0xff464e5c,0xff464e5c,0xff464e5c,0xff464e5c,
0xff464e5c,0xff464e5c,0xff464e5c,0xff464e5c,0xff464e5c,0xff464e5c,0xff464e5c,0xff464e5c,0xff464e5c,0xff464e5c,0xff464e5c,0xff464e5c,
0xff464e5c,0xff464e5c,0xff464e5c,0xff464e5c,0xff464e5c,0xff464e5c,0xff464e5c,0xff464e5c,0xff363c48,0xff747c8c,0xff464e5c,0xff464e5c,
0xff464e5c,0xff464e5c,0xff464e5c,0xff464e5c,0xff464e5c,0xff464e5c,0xff464e5c,0xff464e5c,0xff464e5c,0xff464e5c,0xff464e5c,0xff464e5c,
0xff464e5c,0xff464e5c,0xff464e5c,0xff464e5c,0xff464e5c,0xff464e5c,0xff464e5c,0xff464e5c,0xff464e5c,0xff464e5c,0xff464e5c,0xff464e5c,
0xff464e5c,0xff464e5c,0xff464e5c,0xff464e5c,0xff363c48,0xff363c48,0xff363c48,0xff363c48,0xff363c48,0xff363c48,0xff363c48,0xff363c48,
0xff363c48,0xff363c48,0xff363c48,0xff363c48,0xff363c48,0xff363c48,0xff363c48,0xff363c48,0xff363c48,0xff363c48,0xff363c48,0xff363c48,
0xff363c48,0xff363c48,0xff363c48,0xff363c48,0xff363c48,0xff363c48,0xff363c48,0xff363c48,0xff363c48,0xff363c48,0xff363c48,0xff363c48,
0xff363c48,0xff363c48,0xff363c48,0xff363c48,0xff363c48,0xff363c48,0xff363c48,0xff363c48,0xff363c48,0xff363c48,0xff363c48,0xff363c48,
0xff363c48,0xff363c48,0xff363c48,0xff363c48,0xff363c48,0xff363c48,0xff363c48,0xff363c48,0xff363c48,0xff363c48,0xff363c48,0xff363c48,
0xff363c48,0xff363c48,0xff363c48,0xff363c48,0xff363c48,0xff363c48,0xff363c48,0xff363c48,0xff363c48,0xff747c8c,0xff747c8c,0xff747c8c,
0xff747c8c,0xff747c8c,0xff747c8c,0xff747c8c,0xff747c8c,0xff747c8c,0xff747c8c,0xff747c8c,0xff747c8c,0xff747c8c,0xff747c8c,0xff747c8c,
0xff747c8c,0xff747c8c,0xff747c8c,0xff747c8c,0xff747c8c,0xff747c8c,0xff747c8c,0xff747c8c,0xff747c8c,0xff747c8c,0xff747c8c,0xff747c8c,
0xff747c8c,0xff747c8c,0xff747c8c,0xff747c8c,0xff363c48,0xff747c8c,0xff747c8c,0xff747c8c,0xff747c8c,0xff747c8c,0xff747c8c,0xff747c8c,
0xff747c8c,0xff747c8c,0xff747c8c,0xff747c8c,0xff747c8c,0xff747c8c,0xff747c8c,0xff747c8c,0xff747c8c,0xff747c8c,0xff747c8c,0xff747c8c,
0xff747c8c,0xff747c8c,0xff747c8c,0xff747c8c,0xff747c8c,0xff747c8c,0xff747c8c,0xff747c8c,0xff747c8c,0xff747c8c,0xff747c8c,0xff747c8c,
0xff363c48,0xff747c8c,0xff5c6474,0xff5c6474,0xff5c6474,0xff5c6474,0xff5c6474,0xff5c6474,0xff5c6474,0xff5c6474,0xff5c6474,0xff5c6474,
0xff5c6474,0xff5c6474,0xff5c6474,0xff5c6474,0xff5c6474,0xff5c6474,0xff5c6474,0xff5c6474,0xff5c6474,0xff5c6474,0xff5c6474,0xff5c6474,
0xff5c6474,0xff5c6474,0xff5c6474,0xff5c6474,0xff5c6474,0xff5c6474,0xff5c6474,0xff464e5c,0xff363c48,0xff747c8c,0xff5c6474,0xff5c6474,
0xff5c6474,0xff5c6474,0xff5c6474,0xff5c6474,0xff5c6474,0xff5c6474,0xff5c6474,0xff5c6474,0xff5c6474,0xff5c6474,0xff464e5c,0xff5c6474,
0xff5c6474,0xff5c6474,0xff5c6474,0xff5c6474,0xff5c6474,0xff5c6474,0xff5c6474,0xff5c6474,0xff5c6474,0xff5c6474,0xff5c6474,0xff5c6474,
0xff5c6474,0xff5c6474,0xff5c6474,0xff464e5c,0xff363c48,0xff747c8c,0xff5c6474,0xff5c6474,0xff5c6474,0xff5c6474,0xff5c6474,0xff5c6474,
0xff5c6474,0xff5c6474,0xff5c6474,0xff5c6474,0xff5c6474,0xff5c6474,0xff5c6474,0xff5c6474,0xff5c6474,0xff5c6474,0xff5c6474,0xff5c6474,
0xff5c6474,0xff5c6474,0xff464e5c,0xff5c6474,0xff5c6474,0xff5c6474,0xff5c6474,0xff5c6474,0xff5c6474,0xff464e5c,0xff5c6474,0xff464e5c,
0xff363c48,0xff747c8c,0xff5c6474,0xff5c6474,0xff5c6474,0xff5c6474,0xff5c6474,0xff464e5c,0xff5c6474,0xff5c6474,0xff5c6474,0xff464e5c,
0xff5c6474,0xff5c6474,0xff5c6474,0xff5c6474,0xff464e5c,0xff5c6474,0xff5c6474,0xff5c6474,0xff5c6474,0xff5c6474,0xff5c6474,0xff5c6474,
0xff5c6474,0xff5c6474,0xff5c6474,0xff5c6474,0xff5c6474,0xff5c6474,0xff5c6474,0xff464e5c,0xff363c48,0xff747c8c,0xff5c6474,0xff5c6474,
0xff5c6474,0xff5c6474,0xff464e5c,0xff5c6474,0xff5c6474,0xff5c6474,0xff5c6474,0xff5c6474,0xff5c6474,0xff5c6474,0xff5c6474,0xff464e5c,
0xff5c6474,0xff5c6474,0xff5c6474,0xff5c6474,0xff5c6474,0xff5c6474,0xff5c6474,0xff5c6474,0xff5c6474,0xff5c6474,0xff5c6474,0xff5c6474,
0xff5c6474,0xff5c6474,0xff5c6474,0xff464e5c,0xff363c48,0xff747c8c,0xff5c6474,0xff5c6474,0xff5c6474,0xff5c6474,0xff5c6474,0xff5c6474,
0xff5c6474,0xff5c6474,0xff5c6474,0xff5c6474,0xff5c6474,0xff5c6474,0xff5c6474,0xff5c6474,0xff5c6474,0xff5c6474,0xff5c6474,0xff5c6474,
0xff5c6474,0xff5c6474,0xff464e5c,0xff5c6474,0xff5c6474,0xff5c6474,0xff5c6474,0xff5c6474,0xff5c6474,0xff5c6474,0xff5c6474,0xff464e5c,
0xff363c48,0xff747c8c,0xff5c6474,0xff5c6474,0xff5c6474,0xff5c6474,0xff5c6474,0xff464e5c,0xff464e5c,0xff5c6474,0xff5c6474,0xff5c6474,
0xff5c6474,0xff5c6474,0xff5c6474,0xff464e5c,0xff5c6474,0xff5c6474,0xff5c6474,0xff5c6474,0xff5c6474,0xff464e5c,0xff5c6474,0xff5c6474,
0xff5c6474,0xff5c6474,0xff5c6474,0xff5c6474,0xff5c6474,0xff5c6474,0xff5c6474,0xff464e5c,0xff363c48,0xff747c8c,0xff5c6474,0xff5c6474,
0xff5c6474,0xff5c6474,0xff5c6474,0xff5c6474,0xff5c6474,0xff5c6474,0xff5c6474,0xff5c6474,0xff5c6474,0xff5c6474,0xff5c6474,0xff5c6474,
0xff5c6474,0xff5c6474,0xff5c6474,0xff5c6474,0xff5c6474,0xff5c6474,0xff5c6474,0xff5c6474,0xff5c6474,0xff5c6474,0xff5c6474,0xff5c6474,
0xff5c6474,0xff5c6474,0xff5c6474,0xff464e5c,0xff363c48,0xff747c8c,0xff5c6474,0xff5c6474,0xff5c6474,0xff5c6474,0xff5c6474,0xff5c6474,
0xff5c6474,0xff5c6474,0xff5c6474,0xff5c6474,0xff5c6474,0xff5c6474,0xff5c6474,0xff5c6474,0xff5c6474,0xff5c6474,0xff5c6474,0xff5c6474,
0xff5c6474,0xff5c6474,0xff5c6474,0xff5c6474,0xff5c6474,0xff5c6474,0xff5c6474,0xff5c6474,0xff5c6474,0xff5c6474,0xff5c6474,0xff464e5c,
0xff363c48,0xff747c8c,0xff5c6474,0xff5c6474,0xff5c6474,0xff5c6474,0xff5c6474,0xff5c6474,0xff5c6474,0xff5c6474,0xff464e5c,0xff5c6474,
0xff5c6474,0xff5c6474,0xff5c6474,0xff5c6474,0xff5c6474,0xff5c6474,0xff5c6474,0xff5c6474,0xff5c6474,0xff5c6474,0xff5c6474,0xff5c6474,
0xff5c6474,0xff464e5c,0xff5c6474,0xff5c6474,0xff5c6474,0xff5c6474,0xff5c6474,0xff464e5c,0xff363c48,0xff747c8c,0xff464e5c,0xff5c6474,
0xff5c6474,0xff5c6474,0xff5c6474,0xff5c6474,0xff5c6474,0xff5c6474,0xff5c6474,0xff5c6474,0xff5c6474,0xff5c6474,0xff5c6474,0xff5c6474,
0xff5c6474,0xff5c6474,0xff5c6474,0xff5c6474,0xff5c6474,0xff5c6474,0xff5c6474,0xff5c6474,0xff5c6474,0xff5c6474,0xff5c6474,0xff5c6474,
0xff5c6474,0xff464e5c,0xff5c6474,0xff464e5c,0xff363c48,0xff747c8c,0xff5c6474,0xff5c6474,0xff5c6474,0xff5c6474,0xff5c6474,0xff5c6474,
0xff5c6474,0xff5c6474,0xff5c6474,0xff5c6474,0xff5c6474,0xff5c6474,0xff5c6474,0xff5c6474,0xff5c6474,0xff5c6474,0xff5c6474,0xff5c6474,
0xff5c6474,0xff5c6474,0xff5c6474,0xff5c6474,0xff5c6474,0xff5c6474,0xff5c6474,0xff5c6474,0xff5c6474,0xff5c6474,0xff5c6474,0xff464e5c,
0xff363c48,0xff747c8c,0xff5c6474,0xff5c6474,0xff5c6474,0xff5c6474,0xff5c6474,0xff5c6474,0xff5c6474,0xff5c6474,0xff5c6474,0xff5c6474,
0xff5c6474,0xff5c6474,0xff5c6474,0xff5c6474,0xff5c6474,0xff5c6474,0xff5c6474,0xff5c6474,0xff5c6474,0xff5c6474,0xff5c6474,0xff5c6474,
0xff5c6474,0xff464e5c,0xff5c6474,0xff5c6474,0xff5c6474,0xff5c6474,0xff5c6474,0xff464e5c,0xff363c48,0xff747c8c,0xff5c6474,0xff5c6474,
0xff5c6474,0xff5c6474,0xff5c6474,0xff5c6474,0xff5c6474,0xff5c6474,0xff5c6474,0xff5c6474,0xff5c6474,0xff5c6474,0xff5c6474,0xff5c6474,
0xff5c6474,0xff5c6474,0xff464e5c,0xff5c6474,0xff5c6474,0xff5c6474,0xff5c6474,0xff5c6474,0xff5c6474,0xff5c6474,0xff5c6474,0xff5c6474,
0xff5c6474,0xff5c6474,0xff5c6474,0xff464e5c,0xff363c48,0xff747c8c,0xff5c6474,0xff5c6474,0xff5c6474,0xff5c6474,0xff5c6474,0xff5c6474,
0xff5c6474,0xff5c6474,0xff5c6474,0xff5c6474,0xff5c6474,0xff5c6474,0xff5c6474,0xff5c6474,0xff5c6474,0xff5c6474,0xff5c6474,0xff5c6474,
0xff5c6474,0xff5c6474,0xff5c6474,0xff5c6474,0xff5c6474,0xff5c6474,0xff5c6474,0xff5c6474,0xff5c6474,0xff5c6474,0xff5c6474,0xff464e5c,
0xff363c48,0xff747c8c,0xff5c6474,0xff5c6474,0xff5c6474,0xff464e5c,0xff5c6474,0xff5c6474,0xff5c6474,0xff5c6474,0xff5c6474,0xff5c6474,
0xff5c6474,0xff5c6474,0xff5c6474,0xff5c6474,0xff5c6474,0xff5c6474,0xff5c6474,0xff5c6474,0xff5c6474,0xff5c6474,0xff5c6474,0xff5c6474,
0xff5c6474,0xff5c6474,0xff5c6474,0xff5c6474,0xff5c6474,0xff5c6474,0xff5c6474,0xff464e5c,0xff363c48,0xff747c8c,0xff5c6474,0xff5c6474,
0xff464e5c,0xff5c6474,0xff5c6474,0xff5c6474,0xff5c6474,0xff5c6474,0xff5c6474,0xff5c6474,0xff5c6474,0xff5c6474,0xff5c6474,0xff5c6474,
0xff5c6474,0xff5c6474,0xff5c6474,0xff5c6474,0xff5c6474,0xff5c6474,0xff5c6474,0xff5c6474,0xff464e5c,0xff5c6474,0xff5c6474,0xff5c6474,
0xff5c6474,0xff5c6474,0xff5c6474,0xff464e5c,0xff363c48,0xff747c8c,0xff5c6474,0xff5c6474,0xff5c6474,0xff5c6474,0xff5c6474,0xff5c6474,
0xff464e5c,0xff5c6474,0xff5c6474,0xff5c6474,0xff5c6474,0xff464e5c,0xff5c6474,0xff5c6474,0xff5c6474,0xff5c6474,0xff5c6474,0xff5c6474,
0xff5c6474,0xff5c6474,0xff5c6474,0xff5c6474,0xff5c6474,0xff5c6474,0xff5c6474,0xff5c6474,0xff5c6474,0xff5c6474,0xff5c6474,0xff464e5c,
0xff363c48,0xff747c8c,0xff5c6474,0xff5c6474,0xff5c6474,0xff5c6474,0xff5c6474,0xff5c6474,0xff5c6474,0xff5c6474,0xff5c6474,0xff5c6474,
0xff5c6474,0xff5c6474,0xff5c6474,0xff5c6474,0xff5c6474,0xff5c6474,0xff5c6474,0xff5c6474,0xff5c6474,0xff5c6474,0xff5c6474,0xff5c6474,
0xff5c6474,0xff5c6474,0xff5c6474,0xff5c6474,0xff5c6474,0xff5c6474,0xff5c6474,0xff464e5c,0xff363c48,0xff747c8c,0xff5c6474,0xff5c6474,
0xff5c6474,0xff5c6474,0xff5c6474,0xff5c6474,0xff5c6474,0xff5c6474,0xff5c6474,0xff5c6474,0xff5c6474,0xff5c6474,0xff5c6474,0xff5c6474,
0xff5c6474,0xff5c6474,0xff5c6474,0xff5c6474,0xff5c6474,0xff5c6474,0xff5c6474,0xff5c6474,0xff5c6474,0xff5c6474,0xff5c6474,0xff5c6474,
0xff5c6474,0xff5c6474,0xff5c6474,0xff464e5c,0xff363c48,0xff747c8c,0xff5c6474,0xff5c6474,0xff5c6474,0xff464e5c,0xff5c6474,0xff5c6474,
0xff5c6474,0xff5c6474,0xff5c6474,0xff5c6474,0xff5c6474,0xff5c6474,0xff5c6474,0xff464e5c,0xff5c6474,0xff5c6474,0xff464e5c,0xff5c6474,
0xff5c6474,0xff5c6474,0xff5c6474,0xff5c6474,0xff5c6474,0xff5c6474,0xff5c6474,0xff5c6474,0xff5c6474,0xff5c6474,0xff5c6474,0xff464e5c,
0xff363c48,0xff747c8c,0xff5c6474,0xff5c6474,0xff5c6474,0xff5c6474,0xff5c6474,0xff5c6474,0xff5c6474,0xff5c6474,0xff5c6474,0xff5c6474,
0xff464e5c,0xff5c6474,0xff5c6474,0xff5c6474,0xff5c6474,0xff5c6474,0xff5c6474,0xff5c6474,0xff5c6474,0xff5c6474,0xff5c6474,0xff5c6474,
0xff5c6474,0xff5c6474,0xff5c6474,0xff5c6474,0xff5c6474,0xff5c6474,0xff5c6474,0xff464e5c,0xff363c48,0xff747c8c,0xff5c6474,0xff5c6474,
0xff5c6474,0xff5c6474,0xff5c6474,0xff5c6474,0xff5c6474,0xff5c6474,0xff5c6474,0xff5c6474,0xff5c6474,0xff5c6474,0xff5c6474,0xff5c6474,
0xff5c6474,0xff5c6474,0xff5c6474,0xff5c6474,0xff5c6474,0xff5c6474,0xff5c6474,0xff5c6474,0xff5c6474,0xff5c6474,0xff5c6474,0xff464e5c,
0xff5c6474,0xff5c6474,0xff5c6474,0xff464e5c,0xff363c48,0xff747c8c,0xff5c6474,0xff5c6474,0xff5c6474,0xff5c6474,0xff5c6474,0xff5c6474,
0xff5c6474,0xff5c6474,0xff5c6474,0xff5c6474,0xff5c6474,0xff5c6474,0xff5c6474,0xff5c6474,0xff5c6474,0xff5c6474,0xff5c6474,0xff464e5c,
0xff5c6474,0xff5c6474,0xff5c6474,0xff5c6474,0xff5c6474,0xff5c6474,0xff5c6474,0xff5c6474,0xff5c6474,0xff5c6474,0xff5c6474,0xff464e5c,
0xff363c48,0xff747c8c,0xff5c6474,0xff5c6474,0xff5c6474,0xff5c6474,0xff5c6474,0xff5c6474,0xff5c6474,0xff5c6474,0xff5c6474,0xff5c6474,
0xff5c6474,0xff5c6474,0xff5c6474,0xff5c6474,0xff5c6474,0xff5c6474,0xff5c6474,0xff5c6474,0xff5c6474,0xff5c6474,0xff5c6474,0xff5c6474,
0xff5c6474,0xff5c6474,0xff5c6474,0xff464e5c,0xff5c6474,0xff5c6474,0xff5c6474,0xff464e5c,0xff363c48,0xff747c8c,0xff5c6474,0xff5c6474,
0xff5c6474,0xff464e5c,0xff5c6474,0xff5c6474,0xff5c6474,0xff5c6474,0xff5c6474,0xff5c6474,0xff5c6474,0xff5c6474,0xff464e5c,0xff5c6474,
0xff5c6474,0xff5c6474,0xff5c6474,0xff5c6474,0xff464e5c,0xff464e5c,0xff5c6474,0xff5c6474,0xff5c6474,0xff5c6474,0xff5c6474,0xff5c6474,
0xff5c6474,0xff5c6474,0xff5c6474,0xff464e5c,0xff363c48,0xff747c8c,0xff464e5c,0xff464e5c,0xff464e5c,0xff464e5c,0xff464e5c,0xff464e5c,
0xff464e5c,0xff464e5c,0xff464e5c,0xff464e5c,0xff464e5c,0xff464e5c,0xff464e5c,0xff464e5c,0xff464e5c,0xff464e5c,0xff464e5c,0xff464e5c,
0xff464e5c,0xff464e5c,0xff464e5c,0xff464e5c,0xff464e5c,0xff464e5c,0xff464e5c,0xff464e5c,0xff464e5c,0xff464e5c,0xff464e5c,0xff464e5c,
0xff363c48,0xff747c8c,0xff464e5c,0xff464e5c,0xff464e5c,0xff464e5c,0xff464e5c,0xff464e5c,0xff464e5c,0xff464e5c,0xff464e5c,0xff464e5c,
0xff464e5c,0xff464e5c,0xff464e5c,0xff464e5c,0xff464e5c,0xff464e5c,0xff464e5c,0xff464e5c,0xff464e5c,0xff464e5c,0xff464e5c,0xff464e5c,
0xff464e5c,0xff464e5c,0xff464e5c,0xff464e5c,0xff464e5c,0xff464e5c,0xff464e5c,0xff464e5c,0xff363c48,0xff363c48,0xff363c48,0xff363c48,
0xff363c48,0xff363c48,0xff363c48,0xff363c48,0xff363c48,0xff363c48,0xff363c48,0xff363c48,0xff363c48,0xff363c48,0xff363c48,0xff363c48,
0xff363c48,0xff363c48,0xff363c48,0xff363c48,0xff363c48,0xff363c48,0xff363c48,0xff363c48,0xff363c48,0xff363c48,0xff363c48,0xff363c48,
0xff363c48,0xff363c48,0xff363c48,0xff363c48,0xff363c48,0xff363c48,0xff363c48,0xff363c48,0xff363c48,0xff363c48,0xff363c48,0xff363c48,
0xff363c48,0xff363c48,0xff363c48,0xff363c48,0xff363c48,0xff363c48,0xff363c48,0xff363c48,0xff363c48,0xff363c48,0xff363c48,0xff363c48,
0xff363c48,0xff363c48,0xff363c48,0xff363c48,0xff363c48,0xff363c48,0xff363c48,0xff363c48,0xff363c48,0xff363c48,0xff363c48,0xff363c48,
0xff363c48,0xff747c8c,0xff747c8c,0xff747c8c,0xff747c8c,0xff747c8c,0xff747c8c,0xff747c8c,0xff747c8c,0xff747c8c,0xff747c8c,0xff747c8c,
0xff747c8c,0xff747c8c,0xff747c8c,0xff747c8c,0xff747c8c,0xff747c8c,0xff747c8c,0xff747c8c,0xff747c8c,0xff747c8c,0xff747c8c,0xff747c8c,
0xff747c8c,0xff747c8c,0xff747c8c,0xff747c8c,0xff747c8c,0xff747c8c,0xff747c8c,0xff747c8c,0xff363c48,0xff747c8c,0xff747c8c,0xff747c8c,
0xff747c8c,0xff747c8c,0xff747c8c,0xff747c8c,0xff747c8c,0xff747c8c,0xff747c8c,0xff747c8c,0xff747c8c,0xff747c8c,0xff747c8c,0xff747c8c,
0xff747c8c,0xff747c8c,0xff747c8c,0xff747c8c,0xff747c8c,0xff747c8c,0xff747c8c,0xff747c8c,0xff747c8c,0xff747c8c,0xff747c8c,0xff747c8c,
0xff747c8c,0xff747c8c,0xff747c8c,0xff747c8c,0xff363c48,0xff747c8c,0xff5c6474,0xff5c6474,0xff5c6474,0xff5c6474,0xff5c6474,0xff5c6474,
0xff5c6474,0xff5c6474,0xff5c6474,0xff5c6474,0xff5c6474,0xff5c6474,0xff5c6474,0xff5c6474,0xff5c6474,0xff5c6474,0xff5c6474,0xff5c6474,
0xff5c6474,0xff5c6474,0xff5c6474,0xff5c6474,0xff5c6474,0xff5c6474,0xff5c6474,0xff5c6474,0xff5c6474,0xff5c6474,0xff5c6474,0xff464e5c,
0xff363c48,0xff747c8c,0xff5c6474,0xff5c6474,0xff5c6474,0xff5c6474,0xff5c6474,0xff5c6474,0xff5c6474,0xff5c6474,0xff5c6474,0xff5c6474,
0xff5c6474,0xff5c6474,0xff5c6474,0xff5c6474,0xff5c6474,0xff5c6474,0xff5c6474,0xff5c6474,0xff5c6474,0xff464e5c,0xff5c6474,0xff5c6474,
0xff5c6474,0xff5c6474,0xff5c6474,0xff5c6474,0xff5c6474,0xff5c6474,0xff5c6474,0xff464e5c,0xff363c48,0xff747c8c,0xff5c6474,0xff5c6474,
0xff5c6474,0xff5c6474,0xff5c6474,0xff5c6474,0xff5c6474,0xff464e5c,0xff5c6474,0xff5c6474,0xff5c6474,0xff464e5c,0xff5c6474,0xff5c6474,
0xff5c6474,0xff5c6474,0xff5c6474,0xff5c6474,0xff5c6474,0xff5c6474,0xff5c6474,0xff5c6474,0xff5c6474,0xff5c6474,0xff5c6474,0xff5c6474,
0xff464e5c,0xff5c6474,0xff5c6474,0xff464e5c,0xff363c48,0xff747c8c,0xff5c6474,0xff5c6474,0xff5c6474,0xff5c6474,0xff5c6474,0xff5c6474,
0xff5c6474,0xff5c6474,0xff5c6474,0xff5c6474,0xff5c6474,0xff5c6474,0xff5c6474,0xff5c6474,0xff5c6474,0xff5c6474,0xff5c6474,0xff5c6474,
0xff5c6474,0xff5c6474,0xff5c6474,0xff5c6474,0xff5c6474,0xff5c6474,0xff5c6474,0xff5c6474,0xff5c6474,0xff5c6474,0xff5c6474,0xff464e5c,
0xff363c48,0xff747c8c,0xff5c6474,0xff5c6474,0xff5c6474,0xff5c6474,0xff5c6474,0xff5c6474,0xff5c6474,0xff5c6474,0xff5c6474,0xff5c6474,
0xff5c6474,0xff5c6474,0xff5c6474,0xff5c6474,0xff5c6474,0xff5c6474,0xff5c6474,0xff5c6474,0xff5c6474,0xff5c6474,0xff5c6474,0xff5c6474,
0xff5c6474,0xff5c6474,0xff5c6474,0xff5c6474,0xff5c6474,0xff5c6474,0xff5c6474,0xff464e5c,0xff363c48,0xff747c8c,0xff5c6474,0xff5c6474,
0xff5c6474,0xff5c6474,0xff5c6474,0xff5c6474,0xff5c6474,0xff5c6474,0xff5c6474,0xff5c6474,0xff5c6474,0xff5c6474,0xff5c6474,0xff5c6474,
0xff5c6474,0xff5c6474,0xff5c6474,0xff5c6474,0xff5c6474,0xff5c6474,0xff5c6474,0xff5c6474,0xff5c6474,0xff5c6474,0xff5c6474,0xff5c6474,
0xff464e5c,0xff5c6474,0xff5c6474,0xff464e5c,0xff363c48,0xff747c8c,0xff5c6474,0xff5c6474,0xff5c6474,0xff5c6474,0xff5c6474,0xff5c6474,
0xff5c6474,0xff5c6474,0xff5c6474,0xff5c6474,0xff5c6474,0xff5c6474,0xff5c6474,0xff5c6474,0xff5c6474,0xff5c6474,0xff5c6474,0xff5c6474,
0xff5c6474,0xff5c6474,0xff5c6474,0xff5c6474,0xff5c6474,0xff464e5c,0xff5c6474,0xff5c6474,0xff5c6474,0xff5c6474,0xff5c6474,0xff464e5c,
0xff363c48,0xff747c8c,0xff5c6474,0xff5c6474,0xff5c6474,0xff5c6474,0xff5c6474,0xff5c6474,0xff5c6474,0xff5c6474,0xff5c6474,0xff464e5c,
0xff5c6474,0xff464e5c,0xff5c6474,0xff464e5c,0xff5c6474,0xff5c6474,0xff5c6474,0xff5c6474,0xff5c6474,0xff5c6474,0xff5c6474,0xff5c6474,
0xff5c6474,0xff5c6474,0xff5c6474,0xff5c6474,0xff5c6474,0xff5c6474,0xff5c6474,0xff464e5c,0xff363c48,0xff747c8c,0xff5c6474,0xff5c6474,
0xff5c6474,0xff5c6474,0xff5c6474,0xff5c6474,0xff5c6474,0xff5c6474,0xff5c6474,0xff5c6474,0xff5c6474,0xff5c6474,0xff5c6474,0xff5c6474,
0xff5c6474,0xff5c6474,0xff5c6474,0xff5c6474,0xff464e5c,0xff5c6474,0xff5c6474,0xff5c6474,0xff5c6474,0xff5c6474,0xff5c6474,0xff5c6474,
0xff5c6474,0xff464e5c,0xff5c6474,0xff464e5c,0xff363c48,0xff747c8c,0xff5c6474,0xff5c6474,0xff5c6474,0xff5c6474,0xff5c6474,0xff5c6474,
0xff5c6474,0xff5c6474,0xff5c6474,0xff5c6474,0xff5c6474,0xff5c6474,0xff5c6474,0xff464e5c,0xff5c6474,0xff5c6474,0xff5c6474,0xff5c6474,
0xff5c6474,0xff5c6474,0xff5c6474,0xff5c6474,0xff5c6474,0xff5c6474,0xff5c6474,0xff5c6474,0xff5c6474,0xff5c6474,0xff464e5c,0xff464e5c,
0xff363c48,0xff747c8c,0xff5c6474,0xff5c6474,0xff5c6474,0xff5c6474,0xff5c6474,0xff5c6474,0xff5c6474,0xff5c6474,0xff5c6474,0xff5c6474,
0xff5c6474,0xff5c6474,0xff5c6474,0xff5c6474,0xff5c6474,0xff5c6474,0xff5c6474,0xff5c6474,0xff5c6474,0xff5c6474,0xff5c6474,0xff5c6474,
0xff5c6474,0xff5c6474,0xff5c6474,0xff5c6474,0xff5c6474,0xff5c6474,0xff5c6474,0xff464e5c,0xff363c48,0xff747c8c,0xff5c6474,0xff5c6474,
0xff5c6474,0xff5c6474,0xff5c6474,0xff5c6474,0xff5c6474,0xff5c6474,0xff5c6474,0xff5c6474,0xff5c6474,0xff5c6474,0xff464e5c,0xff5c6474,
0xff5c6474,0xff5c6474,0xff5c6474,0xff5c6474,0xff5c6474,0xff5c6474,0xff5c6474,0xff5c6474,0xff5c6474,0xff5c6474,0xff5c6474,0xff5c6474,
0xff5c6474,0xff5c6474,0xff5c6474,0xff464e5c,0xff363c48,0xff747c8c,0xff5c6474,0xff5c6474,0xff5c6474,0xff5c6474,0xff5c6474,0xff5c6474,
0xff5c6474,0xff5c6474,0xff5c6474,0xff5c6474,0xff5c6474,0xff464e5c,0xff5c6474,0xff5c6474,0xff5c6474,0xff5c6474,0xff5c6474,0xff5c6474,
0xff464e5c,0xff5c6474,0xff5c6474,0xff5c6474,0xff5c6474,0xff5c6474,0xff5c6474,0xff5c6474,0xff5c6474,0xff5c6474,0xff5c6474,0xff464e5c,
0xff363c48,0xff747c8c,0xff5c6474,0xff5c6474,0xff5c6474,0xff5c6474,0xff5c6474,0xff5c6474,0xff5c6474,0xff464e5c,0xff5c6474,0xff5c6474,
0xff5c6474,0xff5c6474,0xff5c6474,0xff5c6474,0xff5c6474,0xff5c6474,0xff5c6474,0xff5c6474,0xff5c6474,0xff5c6474,0xff5c6474,0xff5c6474,
0xff5c6474,0xff5c6474,0xff464e5c,0xff464e5c,0xff5c6474,0xff5c6474,0xff5c6474,0xff464e5c,0xff363c48,0xff747c8c,0xff5c6474,0xff5c6474,
0xff5c6474,0xff5c6474,0xff5c6474,0xff5c6474,0xff5c6474,0xff5c6474,0xff5c6474,0xff5c6474,0xff464e5c,0xff5c6474,0xff5c6474,0xff5c6474,
0xff5c6474,0xff5c6474,0xff5c6474,0xff5c6474,0xff5c6474,0xff5c6474,0xff5c6474,0xff5c6474,0xff5c6474,0xff5c6474,0xff5c6474,0xff5c6474,
0xff5c6474,0xff5c6474,0xff5c6474,0xff464e5c,0xff363c48,0xff747c8c,0xff464e5c,0xff5c6474,0xff5c6474,0xff5c6474,0xff5c6474,0xff5c6474,
0xff5c6474,0xff5c6474,0xff464e5c,0xff5c6474,0xff5c6474,0xff5c6474,0xff5c6474,0xff5c6474,0xff5c6474,0xff5c6474,0xff5c6474,0xff5c6474,
0xff5c6474,0xff5c6474,0xff5c6474,0xff5c6474,0xff464e5c,0xff5c6474,0xff5c6474,0xff5c6474,0xff5c6474,0xff5c6474,0xff5c6474,0xff464e5c,
0xff363c48,0xff747c8c,0xff5c6474,0xff5c6474,0xff5c6474,0xff5c6474,0xff5c6474,0xff5c6474,0xff5c6474,0xff5c6474,0xff464e5c,0xff5c6474,
0xff5c6474,0xff5c6474,0xff5c6474,0xff5c6474,0xff5c6474,0xff5c6474,0xff5c6474,0xff464e5c,0xff5c6474,0xff5c6474,0xff5c6474,0xff5c6474,
0xff5c6474,0xff5c6474,0xff5c6474,0xff5c6474,0xff5c6474,0xff5c6474,0xff5c6474,0xff464e5c,0xff363c48,0xff747c8c,0xff5c6474,0xff5c6474,
0xff464e5c,0xff5c6474,0xff5c6474,0xff5c6474,0xff5c6474,0xff5c6474,0xff464e5c,0xff5c6474,0xff5c6474,0xff5c6474,0xff5c6474,0xff5c6474,
0xff5c6474,0xff5c6474,0xff5c6474,0xff5c6474,0xff5c6474,0xff5c6474,0xff5c6474,0xff5c6474,0xff5c6474,0xff5c6474,0xff5c6474,0xff5c6474,
0xff5c6474,0xff5c6474,0xff5c6474,0xff464e5c,0xff363c48,0xff747c8c,0xff5c6474,0xff5c6474,0xff5c6474,0xff5c6474,0xff5c6474,0xff5c6474,
0xff5c6474,0xff5c6474,0xff5c6474,0xff5c6474,0xff5c6474,0xff5c6474,0xff5c6474,0xff5c6474,0xff5c6474,0xff5c6474,0xff5c6474,0xff5c6474,
0xff5c6474,0xff5c6474,0xff5c6474,0xff5c6474,0xff5c6474,0xff5c6474,0xff5c6474,0xff5c6474,0xff5c6474,0xff5c6474,0xff5c6474,0xff464e5c,
0xff363c48,0xff747c8c,0xff5c6474,0xff5c6474,0xff5c6474,0xff5c6474,0xff5c6474,0xff5c6474,0xff5c6474,0xff5c6474,0xff5c6474,0xff5c6474,
0xff5c6474,0xff5c6474,0xff5c6474,0xff5c6474,0xff5c6474,0xff5c6474,0xff5c6474,0xff5c6474,0xff5c6474,0xff5c6474,0xff5c6474,0xff5c6474,
0xff5c6474,0xff5c6474,0xff5c6474,0xff5c6474,0xff5c6474,0xff5c6474,0xff5c6474,0xff464e5c,0xff363c48,0xff747c8c,0xff5c6474,0xff5c6474,
0xff5c6474,0xff5c6474,0xff5c6474,0xff5c6474,0xff5c6474,0xff5c6474,0xff5c6474,0xff5c6474,0xff5c6474,0xff464e5c,0xff5c6474,0xff5c6474,
0xff5c6474,0xff5c6474,0xff5c6474,0xff5c6474,0xff5c6474,0xff5c6474,0xff5c6474,0xff5c6474,0xff5c6474,0xff5c6474,0xff5c6474,0xff5c6474,
0xff5c6474,0xff5c6474,0xff5c6474,0xff464e5c,0xff363c48,0xff747c8c,0xff5c6474,0xff5c6474,0xff5c6474,0xff5c6474,0xff5c6474,0xff5c6474,
0xff5c6474,0xff5c6474,0xff5c6474,0xff464e5c,0xff5c6474,0xff464e5c,0xff5c6474,0xff5c6474,0xff5c6474,0xff5c6474,0xff5c6474,0xff5c6474,
0xff5c6474,0xff5c6474,0xff5c6474,0xff5c6474,0xff5c6474,0xff5c6474,0xff5c6474,0xff5c6474,0xff5c6474,0xff5c6474,0xff5c6474,0xff464e5c,
0xff363c48,0xff747c8c,0xff5c6474,0xff464e5c,0xff5c6474,0xff5c6474,0xff5c6474,0xff5c6474,0xff464e5c,0xff5c6474,0xff5c6474,0xff5c6474,
0xff5c6474,0xff5c6474,0xff5c6474,0xff5c6474,0xff5c6474,0xff5c6474,0xff5c6474,0xff5c6474,0xff5c6474,0xff5c6474,0xff5c6474,0xff5c6474,
0xff5c6474,0xff5c6474,0xff5c6474,0xff5c6474,0xff5c6474,0xff5c6474,0xff5c6474,0xff464e5c,0xff363c48,0xff747c8c,0xff5c6474,0xff5c6474,
0xff5c6474,0xff5c6474,0xff5c6474,0xff5c6474,0xff5c6474,0xff5c6474,0xff5c6474,0xff5c6474,0xff5c6474,0xff5c6474,0xff5c6474,0xff5c6474,
0xff5c6474,0xff5c6474,0xff5c6474,0xff5c6474,0xff5c6474,0xff5c6474,0xff5c6474,0xff5c6474,0xff5c6474,0xff5c6474,0xff5c6474,0xff5c6474,
0xff5c6474,0xff5c6474,0xff5c6474,0xff464e5c,0xff363c48,0xff747c8c,0xff5c6474,0xff5c6474,0xff5c6474,0xff5c6474,0xff5c6474,0xff5c6474,
0xff5c6474,0xff5c6474,0xff5c6474,0xff5c6474,0xff5c6474,0xff5c6474,0xff5c6474,0xff5c6474,0xff5c6474,0xff5c6474,0xff5c6474,0xff5c6474,
0xff5c6474,0xff5c6474,0xff5c6474,0xff5c6474,0xff5c6474,0xff5c6474,0xff5c6474,0xff5c6474,0xff5c6474,0xff5c6474,0xff5c6474,0xff464e5c,
0xff363c48,0xff747c8c,0xff5c6474,0xff5c6474,0xff5c6474,0xff5c6474,0xff5c6474,0xff5c6474,0xff5c6474,0xff5c6474,0xff5c6474,0xff5c6474,
0xff5c6474,0xff5c6474,0xff5c6474,0xff5c6474,0xff5c6474,0xff5c6474,0xff5c6474,0xff5c6474,0xff5c6474,0xff5c6474,0xff5c6474,0xff5c6474,
0xff5c6474,0xff5c6474,0xff5c6474,0xff5c6474,0xff464e5c,0xff5c6474,0xff5c6474,0xff464e5c,0xff363c48,0xff747c8c,0xff464e5c,0xff464e5c,
0xff464e5c,0xff464e5c,0xff464e5c,0xff464e5c,0xff464e5c,0xff464e5c,0xff464e5c,0xff464e5c,0xff464e5c,0xff464e5c,0xff464e5c,0xff464e5c,
0xff464e5c,0xff464e5c,0xff464e5c,0xff464e5c,0xff464e5c,0xff464e5c,0xff464e5c,0xff464e5c,0xff464e5c,0xff464e5c,0xff464e5c,0xff464e5c,
0xff464e5c,0xff464e5c,0xff464e5c,0xff464e5c,0xff363c48,0xff747c8c,0xff464e5c,0xff464e5c,0xff464e5c,0xff464e5c,0xff464e5c,0xff464e5c,
0xff464e5c,0xff464e5c,0xff464e5c,0xff464e5c,0xff464e5c,0xff464e5c,0xff464e5c,0xff464e5c,0xff464e5c,0xff464e5c,0xff464e5c,0xff464e5c,
0xff464e5c,0xff464e5c,0xff464e5c,0xff464e5c,0xff464e5c,0xff464e5c,0xff464e5c,0xff464e5c,0xff464e5c,0xff464e5c,0xff464e5c,0xff464e5c,
0xff363c48,0xff363c48,0xff363c48,0xff363c48,0xff363c48,0xff363c48,0xff363c48,0xff363c48,0xff363c48,0xff363c48,0xff363c48,0xff363c48,
0xff363c48,0xff363c48,0xff363c48,0xff363c48,0xff363c48,0xff363c48,0xff363c48,0xff363c48,0xff363c48,0xff363c48,0xff363c48,0xff363c48,
0xff363c48,0xff363c48,0xff363c48,0xff363c48,0xff363c48,0xff363c48,0xff363c48,0xff363c48,0xff363c48,0xff363c48,0xff363c48,0xff363c48,
0xff363c48,0xff363c48,0xff363c48,0xff363c48,0xff363c48,0xff363c48,0xff363c48,0xff363c48,0xff363c48,0xff363c48,0xff363c48,0xff363c48,
0xff363c48,0xff363c48,0xff363c48,0xff363c48,0xff363c48,0xff363c48,0xff363c48,0xff363c48,0xff363c48,0xff363c48,0xff363c48,0xff363c48,
0xff363c48,0xff363c48,0xff363c48,0xff363c48,0xff363c48,0xff747c8c,0xff747c8c,0xff747c8c,0xff747c8c,0xff747c8c,0xff747c8c,0xff747c8c,
0xff747c8c,0xff747c8c,0xff747c8c,0xff747c8c,0xff747c8c,0xff747c8c,0xff747c8c,0xff747c8c,0xff747c8c,0xff747c8c,0xff747c8c,0xff747c8c,
0xff747c8c,0xff747c8c,0xff747c8c,0xff747c8c,0xff747c8c,0xff747c8c,0xff747c8c,0xff747c8c,0xff747c8c,0xff747c8c,0xff747c8c,0xff747c8c,
0xff363c48,0xff747c8c,0xff747c8c,0xff747c8c,0xff747c8c,0xff747c8c,0xff747c8c,0xff747c8c,0xff747c8c,0xff747c8c,0xff747c8c,0xff747c8c,
0xff747c8c,0xff747c8c,0xff747c8c,0xff747c8c,0xff747c8c,0xff747c8c,0xff747c8c,0xff747c8c,0xff747c8c,0xff747c8c,0xff747c8c,0xff747c8c,
0xff747c8c,0xff747c8c,0xff747c8c,0xff747c8c,0xff747c8c,0xff747c8c,0xff747c8c,0xff747c8c,0xff363c48,0xff747c8c,0xff5c6474,0xff5c6474,
0xff5c6474,0xff5c6474,0xff5c6474,0xff5c6474,0xff5c6474,0xff5c6474,0xff5c6474,0xff5c6474,0xff5c6474,0xff5c6474,0xff5c6474,0xff5c6474,
0xff5c6474,0xff5c6474,0xff5c6474,0xff5c6474,0xff5c6474,0xff5c6474,0xff5c6474,0xff5c6474,0xff5c6474,0xff5c6474,0xff5c6474,0xff5c6474,
0xff5c6474,0xff5c6474,0xff5c6474,0xff464e5c,0xff363c48,0xff747c8c,0xff5c6474,0xff5c6474,0xff5c6474,0xff5c6474,0xff5c6474,0xff5c6474,
0xff5c6474,0xff5c6474,0xff5c6474,0xff5c6474,0xff5c6474,0xff464e5c,0xff5c6474,0xff5c6474,0xff5c6474,0xff5c6474,0xff5c6474,0xff5c6474,
0xff5c6474,0xff5c6474,0xff5c6474,0xff5c6474,0xff5c6474,0xff5c6474,0xff5c6474,0xff464e5c,0xff5c6474,0xff5c6474,0xff5c6474,0xff464e5c,
0xff363c48,0xff747c8c,0xff5c6474,0xff5c6474,0xff5c6474,0xff5c6474,0xff5c6474,0xff5c6474,0xff5c6474,0xff5c6474,0xff5c6474,0xff5c6474,
0xff5c6474,0xff5c6474,0xff5c6474,0xff5c6474,0xff5c6474,0xff5c6474,0xff5c6474,0xff5c6474,0xff5c6474,0xff5c6474,0xff5c6474,0xff5c6474,
0xff5c6474,0xff5c6474,0xff5c6474,0xff5c6474,0xff464e5c,0xff5c6474,0xff5c6474,0xff464e5c,0xff363c48,0xff747c8c,0xff5c6474,0xff5c6474,
0xff5c6474,0xff5c6474,0xff5c6474,0xff5c6474,0xff5c6474,0xff5c6474,0xff5c6474,0xff5c6474,0xff5c6474,0xff464e5c,0xff5c6474,0xff5c6474,
0xff5c6474,0xff5c6474,0xff5c6474,0xff5c6474,0xff5c6474,0xff5c6474,0xff5c6474,0xff5c6474,0xff5c6474,0xff464e5c,0xff464e5c,0xff5c6474,
0xff5c6474,0xff5c6474,0xff5c6474,0xff464e5c,0xff363c48,0xff747c8c,0xff5c6474,0xff5c6474,0xff5c6474,0xff5c6474,0xff5c6474,0xff5c6474,
0xff5c6474,0xff5c6474,0xff5c6474,0xff5c6474,0xff5c6474,0xff5c6474,0xff5c6474,0xff5c6474,0xff5c6474,0xff5c6474,0xff5c6474,0xff5c6474,
0xff5c6474,0xff5c6474,0xff5c6474,0xff5c6474,0xff5c6474,0xff5c6474,0xff5c6474,0xff5c6474,0xff5c6474,0xff5c6474,0xff5c6474,0xff464e5c,
0xff363c48,0xff747c8c,0xff5c6474,0xff5c6474,0xff5c6474,0xff5c6474,0xff5c6474,0xff464e5c,0xff5c6474,0xff5c6474,0xff5c6474,0xff5c6474,
0xff5c6474,0xff5c6474,0xff5c6474,0xff5c6474,0xff5c6474,0xff5c6474,0xff5c6474,0xff5c6474,0xff5c6474,0xff5c6474,0xff5c6474,0xff5c6474,
0xff5c6474,0xff5c6474,0xff5c6474,0xff464e5c,0xff5c6474,0xff5c6474,0xff5c6474,0xff464e5c,0xff363c48,0xff747c8c,0xff5c6474,0xff5c6474,
0xff5c6474,0xff464e5c,0xff5c6474,0xff5c6474,0xff5c6474,0xff5c6474,0xff5c6474,0xff5c6474,0xff5c6474,0xff5c6474,0xff5c6474,0xff5c6474,
0xff5c6474,0xff5c6474,0xff5c6474,0xff5c6474,0xff5c6474,0xff5c6474,0xff5c6474,0xff5c6474,0xff5c6474,0xff5c6474,0xff5c6474,0xff5c6474,
0xff5c6474,0xff5c6474,0xff5c6474,0xff464e5c,0xff363c48,0xff747c8c,0xff5c6474,0xff464e5c,0xff5c6474,0xff5c6474,0xff464e5c,0xff5c6474,
0xff5c6474,0xff5c6474,0xff5c6474,0xff5c6474,0xff5c6474,0xff5c6474,0xff5c6474,0xff5c6474,0xff5c6474,0xff5c6474,0xff5c6474,0xff5c6474,
0xff5c6474,0xff5c6474,0xff5c6474,0xff5c6474,0xff5c6474,0xff5c6474,0xff5c6474,0xff5c6474,0xff5c6474,0xff5c6474,0xff5c6474,0xff464e5c,
0xff363c48,0xff747c8c,0xff5c6474,0xff5c6474,0xff5c6474,0xff5c6474,0xff5c6474,0xff5c6474,0xff5c6474,0xff5c6474,0xff5c6474,0xff5c6474,
0xff5c6474,0xff5c6474,0xff5c6474,0xff5c6474,0xff464e5c,0xff5c6474,0xff5c6474,0xff5c6474,0xff5c6474,0xff5c6474,0xff5c6474,0xff5c6474,
0xff5c6474,0xff5c6474,0xff5c6474,0xff464e5c,0xff5c6474,0xff5c6474,0xff5c6474,0xff464e5c,0xff363c48,0xff747c8c,0xff5c6474,0xff5c6474,
0xff5c6474,0xff5c6474,0xff5c6474,0xff5c6474,0xff5c6474,0xff5c6474,0xff5c6474,0xff5c6474,0xff5c6474,0xff5c6474,0xff5c6474,0xff5c6474,
0xff5c6474,0xff5c6474,0xff5c6474,0xff5c6474,0xff5c6474,0xff5c6474,0xff464e5c,0xff5c6474,0xff5c6474,0xff5c6474,0xff5c6474,0xff5c6474,
0xff5c6474,0xff5c6474,0xff5c6474,0xff464e5c,0xff363c48,0xff747c8c,0xff5c6474,0xff5c6474,0xff5c6474,0xff5c6474,0xff5c6474,0xff5c6474,
0xff5c6474,0xff5c6474,0xff5c6474,0xff5c6474,0xff5c6474,0xff5c6474,0xff5c6474,0xff5c6474,0xff5c6474,0xff5c6474,0xff5c6474,0xff5c6474,
0xff5c6474,0xff464e5c,0xff5c6474,0xff5c6474,0xff5c6474,0xff5c6474,0xff5c6474,0xff5c6474,0xff5c6474,0xff5c6474,0xff5c6474,0xff464e5c,
0xff363c48,0xff747c8c,0xff5c6474,0xff5c6474,0xff5c6474,0xff5c6474,0xff5c6474,0xff5c6474,0xff5c6474,0xff5c6474,0xff5c6474,0xff5c6474,
0xff5c6474,0xff5c6474,0xff5c6474,0xff5c6474,0xff5c6474,0xff5c6474,0xff5c6474,0xff5c6474,0xff5c6474,0xff5c6474,0xff5c6474,0xff5c6474,
0xff5c6474,0xff5c6474,0xff5c6474,0xff5c6474,0xff5c6474,0xff5c6474,0xff5c6474,0xff464e5c,0xff363c48,0xff747c8c,0xff5c6474,0xff5c6474,
0xff5c6474,0xff5c6474,0xff464e5c,0xff5c6474,0xff5c6474,0xff5c6474,0xff5c6474,0xff5c6474,0xff5c6474,0xff5c6474,0xff5c6474,0xff5c6474,
0xff5c6474,0xff464e5c,0xff5c6474,0xff5c6474,0xff5c6474,0xff5c6474,0xff5c6474,0xff5c6474,0xff5c6474,0xff5c6474,0xff5c6474,0xff5c6474,
0xff5c6474,0xff464e5c,0xff5c6474,0xff464e5c,0xff363c48,0xff747c8c,0xff5c6474,0xff5c6474,0xff5c6474,0xff464e5c,0xff5c6474,0xff5c6474,
0xff5c6474,0xff5c6474,0xff5c6474,0xff5c6474,0xff464e5c,0xff5c6474,0xff5c6474,0xff5c6474,0xff5c6474,0xff5c6474,0xff5c6474,0xff5c6474,
0xff5c6474,0xff5c6474,0xff464e5c,0xff5c6474,0xff5c6474,0xff5c6474,0xff5c6474,0xff5c6474,0xff5c6474,0xff5c6474,0xff464e5c,0xff464e5c,
0xff363c48,0xff747c8c,0xff5c6474,0xff5c6474,0xff5c6474,0xff5c6474,0xff5c6474,0xff5c6474,0xff5c6474,0xff5c6474,0xff5c6474,0xff5c6474,
0xff5c6474,0xff5c6474,0xff5c6474,0xff5c6474,0xff5c6474,0xff5c6474,0xff5c6474,0xff5c6474,0xff5c6474,0xff5c6474,0xff5c6474,0xff5c6474,
0xff5c6474,0xff5c6474,0xff5c6474,0xff5c6474,0xff5c6474,0xff5c6474,0xff5c6474,0xff464e5c,0xff363c48,0xff747c8c,0xff5c6474,0xff5c6474,
0xff5c6474,0xff5c6474,0xff5c6474,0xff5c6474,0xff5c6474,0xff5c6474,0xff5c6474,0xff5c6474,0xff5c6474,0xff5c6474,0xff5c6474,0xff5c6474,
0xff5c6474,0xff5c6474,0xff5c6474,0xff5c6474,0xff5c6474,0xff5c6474,0xff5c6474,0xff5c6474,0xff5c6474,0xff5c6474,0xff5c6474,0xff5c6474,
0xff5c6474,0xff5c6474,0xff5c6474,0xff464e5c,0xff363c48,0xff747c8c,0xff5c6474,0xff5c6474,0xff5c6474,0xff5c6474,0xff5c6474,0xff5c6474,
0xff5c6474,0xff5c6474,0xff5c6474,0xff5c6474,0xff5c6474,0xff464e5c,0xff5c6474,0xff464e5c,0xff464e5c,0xff5c6474,0xff5c6474,0xff5c6474,
0xff5c6474,0xff5c6474,0xff464e5c,0xff5c6474,0xff5c6474,0xff5c6474,0xff5c6474,0xff5c6474,0xff5c6474,0xff5c6474,0xff5c6474,0xff464e5c,
0xff363c48,0xff747c8c,0xff5c6474,0xff5c6474,0xff5c6474,0xff5c6474,0xff5c6474,0xff5c6474,0xff464e5c,0xff5c6474,0xff5c6474,0xff5c6474,
0xff5c6474,0xff5c6474,0xff5c6474,0xff5c6474,0xff5c6474,0xff5c6474,0xff5c6474,0xff5c6474,0xff5c6474,0xff5c6474,0xff5c6474,0xff5c6474,
0xff5c6474,0xff5c6474,0xff5c6474,0xff5c6474,0xff5c6474,0xff464e5c,0xff5c6474,0xff464e5c,0xff363c48,0xff747c8c,0xff5c6474,0xff5c6474,
0xff5c6474,0xff5c6474,0xff5c6474,0xff5c6474,0xff5c6474,0xff5c6474,0xff5c6474,0xff5c6474,0xff5c6474,0xff5c6474,0xff5c6474,0xff5c6474,
0xff5c6474,0xff5c6474,0xff5c6474,0xff5c6474,0xff5c6474,0xff5c6474,0xff5c6474,0xff5c6474,0xff5c6474,0xff5c6474,0xff5c6474,0xff5c6474,
0xff5c6474,0xff5c6474,0xff5c6474,0xff464e5c,0xff363c48,0xff747c8c,0xff5c6474,0xff5c6474,0xff5c6474,0xff5c6474,0xff5c6474,0xff5c6474,
0xff5c6474,0xff5c6474,0xff5c6474,0xff5c6474,0xff5c6474,0xff5c6474,0xff5c6474,0xff5c6474,0xff5c6474,0xff5c6474,0xff5c6474,0xff5c6474,
0xff5c6474,0xff5c6474,0xff5c6474,0xff464e5c,0xff5c6474,0xff5c6474,0xff5c6474,0xff5c6474,0xff5c6474,0xff5c6474,0xff5c6474,0xff464e5c,
0xff363c48,0xff747c8c,0xff5c6474,0xff5c6474,0xff5c6474,0xff5c6474,0xff5c6474,0xff5c6474,0xff5c6474,0xff5c6474,0xff5c6474,0xff5c6474,
0xff5c6474,0xff5c6474,0xff5c6474,0xff5c6474,0xff5c6474,0xff5c6474,0xff5c6474,0xff5c6474,0xff5c6474,0xff5c6474,0xff5c6474,0xff5c6474,
0xff5c6474,0xff5c6474,0xff5c6474,0xff5c6474,0xff5c6474,0xff5c6474,0xff5c6474,0xff464e5c,0xff363c48,0xff747c8c,0xff5c6474,0xff5c6474,
0xff5c6474,0xff5c6474,0xff5c6474,0xff5c6474,0xff464e5c,0xff5c6474,0xff5c6474,0xff5c6474,0xff5c6474,0xff5c6474,0xff5c6474,0xff5c6474,
0xff5c6474,0xff5c6474,0xff5c6474,0xff5c6474,0xff5c6474,0xff5c6474,0xff5c6474,0xff5c6474,0xff5c6474,0xff5c6474,0xff5c6474,0xff5c6474,
0xff5c6474,0xff5c6474,0xff5c6474,0xff464e5c,0xff363c48,0xff747c8c,0xff5c6474,0xff5c6474,0xff5c6474,0xff5c6474,0xff464e5c,0xff5c6474,
0xff5c6474,0xff5c6474,0xff5c6474,0xff5c6474,0xff5c6474,0xff5c6474,0xff5c6474,0xff5c6474,0xff5c6474,0xff5c6474,0xff5c6474,0xff5c6474,
0xff5c6474,0xff5c6474,0xff5c6474,0xff5c6474,0xff5c6474,0xff5c6474,0xff5c6474,0xff464e5c,0xff5c6474,0xff5c6474,0xff5c6474,0xff464e5c,
0xff363c48,0xff747c8c,0xff5c6474,0xff5c6474,0xff5c6474,0xff5c6474,0xff5c6474,0xff5c6474,0xff5c6474,0xff5c6474,0xff5c6474,0xff5c6474,
0xff5c6474,0xff5c6474,0xff5c6474,0xff5c6474,0xff5c6474,0xff5c6474,0xff464e5c,0xff5c6474,0xff5c6474,0xff5c6474,0xff5c6474,0xff5c6474,
0xff5c6474,0xff5c6474,0xff5c6474,0xff5c6474,0xff5c6474,0xff5c6474,0xff5c6474,0xff464e5c,0xff363c48,0xff747c8c,0xff464e5c,0xff5c6474,
0xff5c6474,0xff5c6474,0xff5c6474,0xff5c6474,0xff5c6474,0xff5c6474,0xff5c6474,0xff5c6474,0xff5c6474,0xff5c6474,0xff5c6474,0xff5c6474,
0xff5c6474,0xff5c6474,0xff5c6474,0xff5c6474,0xff5c6474,0xff5c6474,0xff5c6474,0xff5c6474,0xff5c6474,0xff5c6474,0xff5c6474,0xff5c6474,
0xff5c6474,0xff5c6474,0xff5c6474,0xff464e5c,0xff363c48,0xff747c8c,0xff5c6474,0xff5c6474,0xff5c6474,0xff5c6474,0xff5c6474,0xff464e5c,
0xff5c6474,0xff5c6474,0xff5c6474,0xff5c6474,0xff5c6474,0xff5c6474,0xff5c6474,0xff5c6474,0xff5c6474,0xff5c6474,0xff464e5c,0xff5c6474,
0xff5c6474,0xff5c6474,0xff5c6474,0xff5c6474,0xff5c6474,0xff464e5c,0xff5c6474,0xff5c6474,0xff464e5c,0xff5c6474,0xff464e5c,0xff464e5c,
0xff363c48,0xff747c8c,0xff464e5c,0xff464e5c,0xff464e5c,0xff464e5c,0xff464e5c,0xff464e5c,0xff464e5c,0xff464e5c,0xff464e5c,0xff464e5c,
0xff464e5c,0xff464e5c,0xff464e5c,0xff464e5c,0xff464e5c,0xff464e5c,0xff464e5c,0xff464e5c,0xff464e5c,0xff464e5c,0xff464e5c,0xff464e5c,
0xff464e5c,0xff464e5c,0xff464e5c,0xff464e5c,0xff464e5c,0xff464e5c,0xff464e5c,0xff464e5c,0xff363c48,0xff747c8c,0xff464e5c,0xff464e5c,
0xff464e5c,0xff464e5c,0xff464e5c,0xff464e5c,0xff464e5c,0xff464e5c,0xff464e5c,0xff464e5c,0xff464e5c,0xff464e5c,0xff464e5c,0xff464e5c,
0xff464e5c,0xff464e5c,0xff464e5c,0xff464e5c,0xff464e5c,0xff464e5c,0xff464e5c,0xff464e5c,0xff464e5c,0xff464e5c,0xff464e5c,0xff464e5c,
0xff464e5c,0xff464e5c,0xff464e5c,0xff464e5c
};
